0,1
#Bulk Export - Points as recorded,
"DISCLAIMER: By exporting the file, you acknowledge our AAFC Disclaimer.

PORTAL
AAFC is granting you access to the data and information stored on the AAFC Aquarius web portal (the Portal) as an authorized user. Access to the Portal is restricted to authorized users only. 

DATA
The data/information on the Portal is from sources internal and external to the Government of Canada. The Portal may only be used to visualize and download unclassified data/information (climate, soil moisture, hydrographs, greenhouse gas emissions, etc.) that pertain to approved Living Labs. AAFC grants the authorized user a non-exclusive, and royalty-free permission to use the data and information for any purposes on the condition that the authorized user identifies the source and the holders of the data. The permissions set our herein do not transfer ownership in the data and information to the authorized user.  The authorized user may not transfer or assigned this permission to a third party in any way or form without AAFC prior authorization. 

RISMA DATA
Access the disclaimer on the RISMA website ""https://agriculture.canada.ca/en/agricultural-production/soil-and-land/real-time-situ-soil-monitoring-agriculture"" 



",
,RISMA_MB2
,RISMA Manitoba Station 2
,Air Temp.Air temperature
Timestamp (UTC-06:00),Value (Â°C)
2023-01-01 00:00:00,-9.06
2023-01-01 00:15:00,-9.07
2023-01-01 00:30:00,-9.05
2023-01-01 00:45:00,-9.05
2023-01-01 01:00:00,-9.07
2023-01-01 01:15:00,-9.10
2023-01-01 01:30:00,-9.16
2023-01-01 01:45:00,-9.22
2023-01-01 02:00:00,-9.23
2023-01-01 02:15:00,-9.17
2023-01-01 02:30:00,-9.13
2023-01-01 02:45:00,-9.12
2023-01-01 03:00:00,-9.05
2023-01-01 03:15:00,-9.00
2023-01-01 03:30:00,-8.97
2023-01-01 03:45:00,-8.92
2023-01-01 04:00:00,-8.88
2023-01-01 04:15:00,-8.84
2023-01-01 04:30:00,-8.82
2023-01-01 04:45:00,-8.81
2023-01-01 05:00:00,-8.83
2023-01-01 05:15:00,-8.83
2023-01-01 05:30:00,-8.81
2023-01-01 05:45:00,-8.75
2023-01-01 06:00:00,-8.68
2023-01-01 06:15:00,-8.63
2023-01-01 06:30:00,-8.60
2023-01-01 06:45:00,-8.61
2023-01-01 07:00:00,-8.62
2023-01-01 07:15:00,-8.60
2023-01-01 07:30:00,-8.60
2023-01-01 07:45:00,-8.54
2023-01-01 08:00:00,-8.52
2023-01-01 08:15:00,-8.47
2023-01-01 08:30:00,-8.46
2023-01-01 08:45:00,-8.42
2023-01-01 09:00:00,-8.35
2023-01-01 09:15:00,-8.27
2023-01-01 09:30:00,-8.14
2023-01-01 09:45:00,-8.12
2023-01-01 10:00:00,-8.08
2023-01-01 10:15:00,-8.23
2023-01-01 10:30:00,-8.31
2023-01-01 10:45:00,-8.19
2023-01-01 11:00:00,-7.99
2023-01-01 11:15:00,-8.14
2023-01-01 11:30:00,-8.20
2023-01-01 11:45:00,-8.12
2023-01-01 12:00:00,-8.07
2023-01-01 12:15:00,-7.97
2023-01-01 12:30:00,-7.96
2023-01-01 12:45:00,-7.94
2023-01-01 13:00:00,-7.89
2023-01-01 13:15:00,-7.82
2023-01-01 13:30:00,-7.93
2023-01-01 13:45:00,-7.94
2023-01-01 14:00:00,-7.99
2023-01-01 14:15:00,-7.96
2023-01-01 14:30:00,-7.92
2023-01-01 14:45:00,-7.86
2023-01-01 15:00:00,-7.78
2023-01-01 15:15:00,-7.76
2023-01-01 15:30:00,-7.67
2023-01-01 15:45:00,-7.57
2023-01-01 16:00:00,-7.71
2023-01-01 16:15:00,-7.96
2023-01-01 16:30:00,-8.15
2023-01-01 16:45:00,-8.23
2023-01-01 17:00:00,-8.32
2023-01-01 17:15:00,-8.31
2023-01-01 17:30:00,-8.29
2023-01-01 17:45:00,-8.22
2023-01-01 18:00:00,-8.20
2023-01-01 18:15:00,-8.23
2023-01-01 18:30:00,-8.19
2023-01-01 18:45:00,-8.17
2023-01-01 19:00:00,-8.12
2023-01-01 19:15:00,-8.09
2023-01-01 19:30:00,-8.09
2023-01-01 19:45:00,-8.08
2023-01-01 20:00:00,-8.05
2023-01-01 20:15:00,-8.00
2023-01-01 20:30:00,-7.96
2023-01-01 20:45:00,-7.88
2023-01-01 21:00:00,-7.80
2023-01-01 21:15:00,-7.68
2023-01-01 21:30:00,-7.87
2023-01-01 21:45:00,-8.22
2023-01-01 22:00:00,-8.35
2023-01-01 22:15:00,-8.50
2023-01-01 22:30:00,-8.66
2023-01-01 22:45:00,-8.89
2023-01-01 23:00:00,-9.13
2023-01-01 23:15:00,-9.23
2023-01-01 23:30:00,-9.32
2023-01-01 23:45:00,-9.29
2023-01-02 00:00:00,-9.39
2023-01-02 00:15:00,-9.52
2023-01-02 00:30:00,-9.70
2023-01-02 00:45:00,-9.91
2023-01-02 01:00:00,-10.05
2023-01-02 01:15:00,-10.17
2023-01-02 01:30:00,-10.25
2023-01-02 01:45:00,-10.38
2023-01-02 02:00:00,-10.53
2023-01-02 02:15:00,-10.54
2023-01-02 02:30:00,-10.85
2023-01-02 02:45:00,-11.18
2023-01-02 03:00:00,-11.74
2023-01-02 03:15:00,-12.52
2023-01-02 03:30:00,-13.59
2023-01-02 03:45:00,-14.27
2023-01-02 04:00:00,-14.95
2023-01-02 04:15:00,-15.21
2023-01-02 04:30:00,-15.39
2023-01-02 04:45:00,-15.48
2023-01-02 05:00:00,-16.01
2023-01-02 05:15:00,-16.06
2023-01-02 05:30:00,-15.99
2023-01-02 05:45:00,-16.66
2023-01-02 06:00:00,-16.92
2023-01-02 06:15:00,-16.85
2023-01-02 06:30:00,-16.95
2023-01-02 06:45:00,-16.89
2023-01-02 07:00:00,-16.99
2023-01-02 07:15:00,-16.43
2023-01-02 07:30:00,-16.28
2023-01-02 07:45:00,-17.03
2023-01-02 08:00:00,-17.45
2023-01-02 08:15:00,-17.58
2023-01-02 08:30:00,-17.36
2023-01-02 08:45:00,-16.55
2023-01-02 09:00:00,-15.66
2023-01-02 09:15:00,-14.62
2023-01-02 09:30:00,-14.29
2023-01-02 09:45:00,-13.92
2023-01-02 10:00:00,-13.28
2023-01-02 10:15:00,-12.73
2023-01-02 10:30:00,-12.06
2023-01-02 10:45:00,-11.62
2023-01-02 11:00:00,-11.01
2023-01-02 11:15:00,-10.64
2023-01-02 11:30:00,-10.87
2023-01-02 11:45:00,-10.72
2023-01-02 12:00:00,-10.23
2023-01-02 12:15:00,-9.76
2023-01-02 12:30:00,-9.13
2023-01-02 12:45:00,-8.69
2023-01-02 13:00:00,-8.40
2023-01-02 13:15:00,-8.15
2023-01-02 13:30:00,-7.38
2023-01-02 13:45:00,-7.08
2023-01-02 14:00:00,-7.24
2023-01-02 14:15:00,-7.29
2023-01-02 14:30:00,-7.39
2023-01-02 14:45:00,-7.42
2023-01-02 15:00:00,-7.56
2023-01-02 15:15:00,-7.67
2023-01-02 15:30:00,-8.22
2023-01-02 15:45:00,-8.36
2023-01-02 16:00:00,-8.51
2023-01-02 16:15:00,-8.82
2023-01-02 16:30:00,-10.50
2023-01-02 16:45:00,-11.08
2023-01-02 17:00:00,-11.95
2023-01-02 17:15:00,-12.83
2023-01-02 17:30:00,-13.64
2023-01-02 17:45:00,-13.84
2023-01-02 18:00:00,-13.97
2023-01-02 18:15:00,-14.58
2023-01-02 18:30:00,-14.80
2023-01-02 18:45:00,-14.95
2023-01-02 19:00:00,-14.99
2023-01-02 19:15:00,-15.67
2023-01-02 19:30:00,-15.76
2023-01-02 19:45:00,-16.09
2023-01-02 20:00:00,-16.07
2023-01-02 20:15:00,-16.25
2023-01-02 20:30:00,-15.75
2023-01-02 20:45:00,-16.21
2023-01-02 21:00:00,-16.60
2023-01-02 21:15:00,-16.54
2023-01-02 21:30:00,-17.12
2023-01-02 21:45:00,-17.29
2023-01-02 22:00:00,-17.26
2023-01-02 22:15:00,-17.44
2023-01-02 22:30:00,-17.38
2023-01-02 22:45:00,-17.71
2023-01-02 23:00:00,-17.53
2023-01-02 23:15:00,-17.46
2023-01-02 23:30:00,-17.73
2023-01-02 23:45:00,-17.97
2023-01-03 00:00:00,-17.06
2023-01-03 00:15:00,-17.70
2023-01-03 00:30:00,-17.43
2023-01-03 00:45:00,-17.66
2023-01-03 01:00:00,-18.10
2023-01-03 01:15:00,-18.26
2023-01-03 01:30:00,-18.72
2023-01-03 01:45:00,-18.45
2023-01-03 02:00:00,-18.01
2023-01-03 02:15:00,-18.18
2023-01-03 02:30:00,-18.33
2023-01-03 02:45:00,-18.35
2023-01-03 03:00:00,-17.95
2023-01-03 03:15:00,-17.67
2023-01-03 03:30:00,-18.24
2023-01-03 03:45:00,-18.17
2023-01-03 04:00:00,-18.06
2023-01-03 04:15:00,-18.37
2023-01-03 04:30:00,-18.69
2023-01-03 04:45:00,-18.92
2023-01-03 05:00:00,-19.17
2023-01-03 05:15:00,-19.14
2023-01-03 05:30:00,-19.15
2023-01-03 05:45:00,-18.87
2023-01-03 06:00:00,-18.23
2023-01-03 06:15:00,-18.59
2023-01-03 06:30:00,-18.36
2023-01-03 06:45:00,-18.14
2023-01-03 07:00:00,-18.39
2023-01-03 07:15:00,-18.98
2023-01-03 07:30:00,-19.30
2023-01-03 07:45:00,-19.86
2023-01-03 08:00:00,-19.78
2023-01-03 08:15:00,-19.58
2023-01-03 08:30:00,-19.53
2023-01-03 08:45:00,-19.29
2023-01-03 09:00:00,-19.05
2023-01-03 09:15:00,-18.65
2023-01-03 09:30:00,-18.48
2023-01-03 09:45:00,-17.77
2023-01-03 10:00:00,-17.25
2023-01-03 10:15:00,-16.82
2023-01-03 10:30:00,-16.28
2023-01-03 10:45:00,-15.04
2023-01-03 11:00:00,-14.73
2023-01-03 11:15:00,-15.21
2023-01-03 11:30:00,-14.20
2023-01-03 11:45:00,-13.67
2023-01-03 12:00:00,-13.31
2023-01-03 12:15:00,-12.55
2023-01-03 12:30:00,-12.63
2023-01-03 12:45:00,-12.42
2023-01-03 13:00:00,-11.85
2023-01-03 13:15:00,-11.68
2023-01-03 13:30:00,-12.39
2023-01-03 13:45:00,-12.22
2023-01-03 14:00:00,-11.77
2023-01-03 14:15:00,-11.69
2023-01-03 14:30:00,-12.18
2023-01-03 14:45:00,-10.91
2023-01-03 15:00:00,-11.77
2023-01-03 15:15:00,-10.89
2023-01-03 15:30:00,-10.62
2023-01-03 15:45:00,-11.55
2023-01-03 16:00:00,-12.34
2023-01-03 16:15:00,-13.51
2023-01-03 16:30:00,-14.06
2023-01-03 16:45:00,-14.46
2023-01-03 17:00:00,-15.04
2023-01-03 17:15:00,-15.37
2023-01-03 17:30:00,-15.39
2023-01-03 17:45:00,-15.57
2023-01-03 18:00:00,-15.66
2023-01-03 18:15:00,-15.63
2023-01-03 18:30:00,-16.26
2023-01-03 18:45:00,-16.90
2023-01-03 19:00:00,-17.11
2023-01-03 19:15:00,-17.42
2023-01-03 19:30:00,-17.51
2023-01-03 19:45:00,-17.51
2023-01-03 20:00:00,-17.24
2023-01-03 20:15:00,-17.34
2023-01-03 20:30:00,-17.69
2023-01-03 20:45:00,-17.81
2023-01-03 21:00:00,-18.12
2023-01-03 21:15:00,-18.31
2023-01-03 21:30:00,-18.31
2023-01-03 21:45:00,-18.30
2023-01-03 22:00:00,-18.17
2023-01-03 22:15:00,-18.09
2023-01-03 22:30:00,-17.88
2023-01-03 22:45:00,-17.98
2023-01-03 23:00:00,-17.98
2023-01-03 23:15:00,-18.29
2023-01-03 23:30:00,-18.07
2023-01-03 23:45:00,-17.94
2023-01-04 00:00:00,-18.80
2023-01-04 00:15:00,-19.33
2023-01-04 00:30:00,-19.39
2023-01-04 00:45:00,-19.23
2023-01-04 01:00:00,-19.26
2023-01-04 01:15:00,-18.82
2023-01-04 01:30:00,-18.69
2023-01-04 01:45:00,-18.56
2023-01-04 02:00:00,-18.07
2023-01-04 02:15:00,-18.13
2023-01-04 02:30:00,-18.04
2023-01-04 02:45:00,-18.00
2023-01-04 03:00:00,-17.89
2023-01-04 03:15:00,-17.92
2023-01-04 03:30:00,-17.92
2023-01-04 03:45:00,-17.86
2023-01-04 04:00:00,-17.86
2023-01-04 04:15:00,-17.75
2023-01-04 04:30:00,-17.66
2023-01-04 04:45:00,-17.66
2023-01-04 05:00:00,-17.70
2023-01-04 05:15:00,-17.88
2023-01-04 05:30:00,-18.08
2023-01-04 05:45:00,-18.18
2023-01-04 06:00:00,-18.45
2023-01-04 06:15:00,-18.63
2023-01-04 06:30:00,-18.84
2023-01-04 06:45:00,-18.63
2023-01-04 07:00:00,-18.67
2023-01-04 07:15:00,-18.84
2023-01-04 07:30:00,-18.80
2023-01-04 07:45:00,-18.54
2023-01-04 08:00:00,-18.82
2023-01-04 08:15:00,-18.55
2023-01-04 08:30:00,-18.53
2023-01-04 08:45:00,-18.49
2023-01-04 09:00:00,-18.48
2023-01-04 09:15:00,-18.37
2023-01-04 09:30:00,-17.83
2023-01-04 09:45:00,-17.83
2023-01-04 10:00:00,-17.53
2023-01-04 10:15:00,-16.97
2023-01-04 10:30:00,-16.88
2023-01-04 10:45:00,-15.72
2023-01-04 11:00:00,-14.88
2023-01-04 11:15:00,-14.06
2023-01-04 11:30:00,-13.60
2023-01-04 11:45:00,-13.24
2023-01-04 12:00:00,-12.48
2023-01-04 12:15:00,-12.06
2023-01-04 12:30:00,-11.92
2023-01-04 12:45:00,-11.37
2023-01-04 13:00:00,-10.96
2023-01-04 13:15:00,-10.79
2023-01-04 13:30:00,-12.13
2023-01-04 13:45:00,-12.07
2023-01-04 14:00:00,-11.13
2023-01-04 14:15:00,-10.82
2023-01-04 14:30:00,-10.35
2023-01-04 14:45:00,-9.96
2023-01-04 15:00:00,-9.76
2023-01-04 15:15:00,-9.47
2023-01-04 15:30:00,-9.90
2023-01-04 15:45:00,-10.35
2023-01-04 16:00:00,-10.81
2023-01-04 16:15:00,-11.09
2023-01-04 16:30:00,-11.96
2023-01-04 16:45:00,-12.57
2023-01-04 17:00:00,-12.70
2023-01-04 17:15:00,-13.11
2023-01-04 17:30:00,-13.65
2023-01-04 17:45:00,-14.51
2023-01-04 18:00:00,-14.30
2023-01-04 18:15:00,-14.44
2023-01-04 18:30:00,-15.14
2023-01-04 18:45:00,-14.66
2023-01-04 19:00:00,-14.74
2023-01-04 19:15:00,-14.70
2023-01-04 19:30:00,-15.64
2023-01-04 19:45:00,-15.89
2023-01-04 20:00:00,-16.04
2023-01-04 20:15:00,-16.74
2023-01-04 20:30:00,-17.08
2023-01-04 20:45:00,-17.32
2023-01-04 21:00:00,-17.99
2023-01-04 21:15:00,-18.52
2023-01-04 21:30:00,-19.07
2023-01-04 21:45:00,-18.90
2023-01-04 22:00:00,-18.87
2023-01-04 22:15:00,-18.52
2023-01-04 22:30:00,-18.45
2023-01-04 22:45:00,-18.64
2023-01-04 23:00:00,-18.43
2023-01-04 23:15:00,-17.66
2023-01-04 23:30:00,-18.01
2023-01-04 23:45:00,-17.65
2023-01-05 00:00:00,-17.35
2023-01-05 00:15:00,-17.86
2023-01-05 00:30:00,-17.90
2023-01-05 00:45:00,-18.82
2023-01-05 01:00:00,-19.07
2023-01-05 01:15:00,-19.63
2023-01-05 01:30:00,-19.25
2023-01-05 01:45:00,-18.82
2023-01-05 02:00:00,-19.30
2023-01-05 02:15:00,-19.15
2023-01-05 02:30:00,-18.84
2023-01-05 02:45:00,-18.91
2023-01-05 03:00:00,-19.28
2023-01-05 03:15:00,-19.12
2023-01-05 03:30:00,-18.67
2023-01-05 03:45:00,-19.53
2023-01-05 04:00:00,-19.66
2023-01-05 04:15:00,-19.17
2023-01-05 04:30:00,-19.23
2023-01-05 04:45:00,-18.96
2023-01-05 05:00:00,-18.63
2023-01-05 05:15:00,-18.62
2023-01-05 05:30:00,-18.77
2023-01-05 05:45:00,-19.05
2023-01-05 06:00:00,-19.12
2023-01-05 06:15:00,-19.43
2023-01-05 06:30:00,-19.60
2023-01-05 06:45:00,-19.70
2023-01-05 07:00:00,-19.76
2023-01-05 07:15:00,-19.75
2023-01-05 07:30:00,-19.78
2023-01-05 07:45:00,-19.78
2023-01-05 08:00:00,-19.88
2023-01-05 08:15:00,-19.90
2023-01-05 08:30:00,-19.99
2023-01-05 08:45:00,-20.06
2023-01-05 09:00:00,-19.93
2023-01-05 09:15:00,-19.45
2023-01-05 09:30:00,-18.75
2023-01-05 09:45:00,-19.01
2023-01-05 10:00:00,-19.00
2023-01-05 10:15:00,-17.52
2023-01-05 10:30:00,-16.63
2023-01-05 10:45:00,-17.00
2023-01-05 11:00:00,-15.45
2023-01-05 11:15:00,-14.41
2023-01-05 11:30:00,-14.37
2023-01-05 11:45:00,-14.70
2023-01-05 12:00:00,-14.91
2023-01-05 12:15:00,-14.47
2023-01-05 12:30:00,-13.71
2023-01-05 12:45:00,-13.44
2023-01-05 13:00:00,-12.73
2023-01-05 13:15:00,-12.19
2023-01-05 13:30:00,-11.53
2023-01-05 13:45:00,-10.51
2023-01-05 14:00:00,-10.37
2023-01-05 14:15:00,-10.22
2023-01-05 14:30:00,-11.32
2023-01-05 14:45:00,-11.11
2023-01-05 15:00:00,-10.93
2023-01-05 15:15:00,-11.35
2023-01-05 15:30:00,-11.11
2023-01-05 15:45:00,-12.32
2023-01-05 16:00:00,-13.19
2023-01-05 16:15:00,-13.57
2023-01-05 16:30:00,-13.98
2023-01-05 16:45:00,-14.69
2023-01-05 17:00:00,-15.04
2023-01-05 17:15:00,-15.18
2023-01-05 17:30:00,-15.43
2023-01-05 17:45:00,-15.81
2023-01-05 18:00:00,-15.53
2023-01-05 18:15:00,-14.92
2023-01-05 18:30:00,-15.39
2023-01-05 18:45:00,-15.50
2023-01-05 19:00:00,-15.18
2023-01-05 19:15:00,-15.03
2023-01-05 19:30:00,-13.66
2023-01-05 19:45:00,-12.81
2023-01-05 20:00:00,-13.03
2023-01-05 20:15:00,-13.06
2023-01-05 20:30:00,-13.08
2023-01-05 20:45:00,-13.22
2023-01-05 21:00:00,-13.24
2023-01-05 21:15:00,-13.25
2023-01-05 21:30:00,-13.30
2023-01-05 21:45:00,-13.35
2023-01-05 22:00:00,-13.51
2023-01-05 22:15:00,-13.62
2023-01-05 22:30:00,-13.65
2023-01-05 22:45:00,-14.09
2023-01-05 23:00:00,-14.28
2023-01-05 23:15:00,-14.71
2023-01-05 23:30:00,-14.86
2023-01-05 23:45:00,-14.22
2023-01-06 00:00:00,-14.20
2023-01-06 00:15:00,-14.06
2023-01-06 00:30:00,-14.37
2023-01-06 00:45:00,-14.99
2023-01-06 01:00:00,-14.96
2023-01-06 01:15:00,-14.22
2023-01-06 01:30:00,-14.07
2023-01-06 01:45:00,-14.16
2023-01-06 02:00:00,-14.51
2023-01-06 02:15:00,-14.48
2023-01-06 02:30:00,-14.84
2023-01-06 02:45:00,-14.95
2023-01-06 03:00:00,-15.22
2023-01-06 03:15:00,-15.32
2023-01-06 03:30:00,-15.13
2023-01-06 03:45:00,-15.29
2023-01-06 04:00:00,-14.73
2023-01-06 04:15:00,-14.24
2023-01-06 04:30:00,-13.56
2023-01-06 04:45:00,-13.05
2023-01-06 05:00:00,-12.86
2023-01-06 05:15:00,-12.88
2023-01-06 05:30:00,-12.88
2023-01-06 05:45:00,-12.86
2023-01-06 06:00:00,-12.88
2023-01-06 06:15:00,-12.66
2023-01-06 06:30:00,-12.44
2023-01-06 06:45:00,-12.48
2023-01-06 07:00:00,-12.50
2023-01-06 07:15:00,-12.55
2023-01-06 07:30:00,-12.57
2023-01-06 07:45:00,-12.63
2023-01-06 08:00:00,-12.72
2023-01-06 08:15:00,-12.74
2023-01-06 08:30:00,-12.75
2023-01-06 08:45:00,-12.75
2023-01-06 09:00:00,-12.78
2023-01-06 09:15:00,-12.86
2023-01-06 09:30:00,-12.82
2023-01-06 09:45:00,-12.87
2023-01-06 10:00:00,-12.83
2023-01-06 10:15:00,-12.70
2023-01-06 10:30:00,-12.77
2023-01-06 10:45:00,-12.63
2023-01-06 11:00:00,-12.59
2023-01-06 11:15:00,-12.64
2023-01-06 11:30:00,-12.53
2023-01-06 11:45:00,-12.57
2023-01-06 12:00:00,-12.51
2023-01-06 12:15:00,-12.42
2023-01-06 12:30:00,-12.57
2023-01-06 12:45:00,-12.35
2023-01-06 13:00:00,-12.37
2023-01-06 13:15:00,-12.22
2023-01-06 13:30:00,-12.47
2023-01-06 13:45:00,-12.45
2023-01-06 14:00:00,-12.43
2023-01-06 14:15:00,-12.52
2023-01-06 14:30:00,-12.60
2023-01-06 14:45:00,-12.17
2023-01-06 15:00:00,-11.41
2023-01-06 15:15:00,-12.29
2023-01-06 15:30:00,-13.07
2023-01-06 15:45:00,-14.27
2023-01-06 16:00:00,-14.48
2023-01-06 16:15:00,-16.48
2023-01-06 16:30:00,-16.28
2023-01-06 16:45:00,-16.14
2023-01-06 17:00:00,-16.22
2023-01-06 17:15:00,-16.69
2023-01-06 17:30:00,-17.64
2023-01-06 17:45:00,-20.20
2023-01-06 18:00:00,-19.96
2023-01-06 18:15:00,-18.21
2023-01-06 18:30:00,-18.71
2023-01-06 18:45:00,-19.81
2023-01-06 19:00:00,-20.03
2023-01-06 19:15:00,-20.85
2023-01-06 19:30:00,-21.26
2023-01-06 19:45:00,-20.76
2023-01-06 20:00:00,-20.10
2023-01-06 20:15:00,-19.70
2023-01-06 20:30:00,-20.25
2023-01-06 20:45:00,-21.14
2023-01-06 21:00:00,-21.34
2023-01-06 21:15:00,-21.39
2023-01-06 21:30:00,-21.59
2023-01-06 21:45:00,-22.25
2023-01-06 22:00:00,-22.50
2023-01-06 22:15:00,-21.91
2023-01-06 22:30:00,-21.55
2023-01-06 22:45:00,-21.45
2023-01-06 23:00:00,-21.07
2023-01-06 23:15:00,-21.98
2023-01-06 23:30:00,-22.30
2023-01-06 23:45:00,-22.11
2023-01-07 00:00:00,-21.82
2023-01-07 00:15:00,-21.04
2023-01-07 00:30:00,-20.65
2023-01-07 00:45:00,-20.09
2023-01-07 01:00:00,-20.00
2023-01-07 01:15:00,-19.92
2023-01-07 01:30:00,-18.73
2023-01-07 01:45:00,-20.99
2023-01-07 02:00:00,-21.62
2023-01-07 02:15:00,-20.90
2023-01-07 02:30:00,-20.26
2023-01-07 02:45:00,-20.29
2023-01-07 03:00:00,-18.39
2023-01-07 03:15:00,-17.85
2023-01-07 03:30:00,-18.65
2023-01-07 03:45:00,-18.59
2023-01-07 04:00:00,-18.58
2023-01-07 04:15:00,-18.91
2023-01-07 04:30:00,-18.82
2023-01-07 04:45:00,-18.90
2023-01-07 05:00:00,-19.54
2023-01-07 05:15:00,-19.45
2023-01-07 05:30:00,-19.57
2023-01-07 05:45:00,-19.72
2023-01-07 06:00:00,-19.70
2023-01-07 06:15:00,-20.49
2023-01-07 06:30:00,-19.36
2023-01-07 06:45:00,-19.74
2023-01-07 07:00:00,-20.34
2023-01-07 07:15:00,-20.01
2023-01-07 07:30:00,-19.65
2023-01-07 07:45:00,-20.22
2023-01-07 08:00:00,-20.28
2023-01-07 08:15:00,-19.60
2023-01-07 08:30:00,-19.50
2023-01-07 08:45:00,-19.99
2023-01-07 09:00:00,-19.19
2023-01-07 09:15:00,-19.16
2023-01-07 09:30:00,-18.33
2023-01-07 09:45:00,-18.18
2023-01-07 10:00:00,-17.67
2023-01-07 10:15:00,-17.34
2023-01-07 10:30:00,-17.07
2023-01-07 10:45:00,-16.79
2023-01-07 11:00:00,-16.24
2023-01-07 11:15:00,-15.67
2023-01-07 11:30:00,-14.89
2023-01-07 11:45:00,-14.44
2023-01-07 12:00:00,-14.20
2023-01-07 12:15:00,-13.76
2023-01-07 12:30:00,-13.50
2023-01-07 12:45:00,-13.20
2023-01-07 13:00:00,-11.91
2023-01-07 13:15:00,-10.76
2023-01-07 13:30:00,-11.61
2023-01-07 13:45:00,-11.61
2023-01-07 14:00:00,-11.01
2023-01-07 14:15:00,-10.93
2023-01-07 14:30:00,-10.97
2023-01-07 14:45:00,-10.96
2023-01-07 15:00:00,-10.78
2023-01-07 15:15:00,-10.74
2023-01-07 15:30:00,-10.74
2023-01-07 15:45:00,-10.77
2023-01-07 16:00:00,-10.97
2023-01-07 16:15:00,-11.18
2023-01-07 16:30:00,-10.90
2023-01-07 16:45:00,-11.38
2023-01-07 17:00:00,-11.46
2023-01-07 17:15:00,-10.51
2023-01-07 17:30:00,-10.06
2023-01-07 17:45:00,-10.98
2023-01-07 18:00:00,-11.42
2023-01-07 18:15:00,-10.34
2023-01-07 18:30:00,-10.24
2023-01-07 18:45:00,-11.16
2023-01-07 19:00:00,-11.46
2023-01-07 19:15:00,-11.51
2023-01-07 19:30:00,-11.45
2023-01-07 19:45:00,-11.65
2023-01-07 20:00:00,-11.60
2023-01-07 20:15:00,-11.76
2023-01-07 20:30:00,-12.95
2023-01-07 20:45:00,-12.96
2023-01-07 21:00:00,-13.14
2023-01-07 21:15:00,-13.29
2023-01-07 21:30:00,-12.68
2023-01-07 21:45:00,-11.79
2023-01-07 22:00:00,-11.76
2023-01-07 22:15:00,-12.27
2023-01-07 22:30:00,-12.40
2023-01-07 22:45:00,-12.55
2023-01-07 23:00:00,-12.21
2023-01-07 23:15:00,-12.12
2023-01-07 23:30:00,-11.83
2023-01-07 23:45:00,-12.27
2023-01-08 00:00:00,-13.29
2023-01-08 00:15:00,-14.43
2023-01-08 00:30:00,-14.77
2023-01-08 00:45:00,-14.89
2023-01-08 01:00:00,-14.81
2023-01-08 01:15:00,-15.01
2023-01-08 01:30:00,-15.29
2023-01-08 01:45:00,-15.00
2023-01-08 02:00:00,-15.45
2023-01-08 02:15:00,-15.87
2023-01-08 02:30:00,-14.17
2023-01-08 02:45:00,-13.57
2023-01-08 03:00:00,-13.38
2023-01-08 03:15:00,-13.31
2023-01-08 03:30:00,-13.71
2023-01-08 03:45:00,-14.74
2023-01-08 04:00:00,-15.45
2023-01-08 04:15:00,-16.20
2023-01-08 04:30:00,-16.55
2023-01-08 04:45:00,-16.54
2023-01-08 05:00:00,-16.98
2023-01-08 05:15:00,-17.32
2023-01-08 05:30:00,-17.20
2023-01-08 05:45:00,-17.40
2023-01-08 06:00:00,-16.94
2023-01-08 06:15:00,-17.14
2023-01-08 06:30:00,-16.69
2023-01-08 06:45:00,-16.99
2023-01-08 07:00:00,-17.87
2023-01-08 07:15:00,-18.02
2023-01-08 07:30:00,-17.37
2023-01-08 07:45:00,-17.71
2023-01-08 08:00:00,-17.58
2023-01-08 08:15:00,-18.18
2023-01-08 08:30:00,-17.66
2023-01-08 08:45:00,-16.47
2023-01-08 09:00:00,-16.02
2023-01-08 09:15:00,-17.04
2023-01-08 09:30:00,-16.40
2023-01-08 09:45:00,-15.62
2023-01-08 10:00:00,-14.95
2023-01-08 10:15:00,-14.38
2023-01-08 10:30:00,-13.75
2023-01-08 10:45:00,-12.98
2023-01-08 11:00:00,-12.01
2023-01-08 11:15:00,-11.64
2023-01-08 11:30:00,-11.82
2023-01-08 11:45:00,-11.18
2023-01-08 12:00:00,-10.71
2023-01-08 12:15:00,-10.05
2023-01-08 12:30:00,-10.24
2023-01-08 12:45:00,-10.53
2023-01-08 13:00:00,-8.59
2023-01-08 13:15:00,-8.27
2023-01-08 13:30:00,-8.61
2023-01-08 13:45:00,-8.56
2023-01-08 14:00:00,-8.16
2023-01-08 14:15:00,-8.05
2023-01-08 14:30:00,-8.37
2023-01-08 14:45:00,-8.88
2023-01-08 15:00:00,-8.96
2023-01-08 15:15:00,-9.63
2023-01-08 15:30:00,-10.08
2023-01-08 15:45:00,-10.19
2023-01-08 16:00:00,-10.43
2023-01-08 16:15:00,-10.58
2023-01-08 16:30:00,-10.14
2023-01-08 16:45:00,-10.66
2023-01-08 17:00:00,-11.19
2023-01-08 17:15:00,-11.51
2023-01-08 17:30:00,-11.93
2023-01-08 17:45:00,-12.42
2023-01-08 18:00:00,-12.71
2023-01-08 18:15:00,-12.90
2023-01-08 18:30:00,-13.75
2023-01-08 18:45:00,-13.06
2023-01-08 19:00:00,-13.86
2023-01-08 19:15:00,-14.46
2023-01-08 19:30:00,-14.59
2023-01-08 19:45:00,-14.82
2023-01-08 20:00:00,-15.41
2023-01-08 20:15:00,-15.50
2023-01-08 20:30:00,-15.17
2023-01-08 20:45:00,-15.13
2023-01-08 21:00:00,-15.67
2023-01-08 21:15:00,-16.14
2023-01-08 21:30:00,-15.93
2023-01-08 21:45:00,-16.20
2023-01-08 22:00:00,-16.47
2023-01-08 22:15:00,-16.48
2023-01-08 22:30:00,-16.66
2023-01-08 22:45:00,-16.65
2023-01-08 23:00:00,-17.27
2023-01-08 23:15:00,-17.68
2023-01-08 23:30:00,-17.54
2023-01-08 23:45:00,-17.75
2023-01-09 00:00:00,-17.93
2023-01-09 00:15:00,-17.53
2023-01-09 00:30:00,-17.32
2023-01-09 00:45:00,-17.34
2023-01-09 01:00:00,-17.89
2023-01-09 01:15:00,-17.95
2023-01-09 01:30:00,-18.37
2023-01-09 01:45:00,-18.39
2023-01-09 02:00:00,-17.80
2023-01-09 02:15:00,-18.07
2023-01-09 02:30:00,-18.35
2023-01-09 02:45:00,-18.28
2023-01-09 03:00:00,-18.58
2023-01-09 03:15:00,-17.97
2023-01-09 03:30:00,-18.42
2023-01-09 03:45:00,-18.31
2023-01-09 04:00:00,-18.12
2023-01-09 04:15:00,-18.50
2023-01-09 04:30:00,-19.18
2023-01-09 04:45:00,-18.74
2023-01-09 05:00:00,-18.17
2023-01-09 05:15:00,-18.37
2023-01-09 05:30:00,-18.73
2023-01-09 05:45:00,-19.27
2023-01-09 06:00:00,-19.01
2023-01-09 06:15:00,-18.54
2023-01-09 06:30:00,-18.15
2023-01-09 06:45:00,-18.41
2023-01-09 07:00:00,-18.95
2023-01-09 07:15:00,-18.79
2023-01-09 07:30:00,-18.56
2023-01-09 07:45:00,-18.41
2023-01-09 08:00:00,-18.25
2023-01-09 08:15:00,-17.94
2023-01-09 08:30:00,-17.57
2023-01-09 08:45:00,-17.33
2023-01-09 09:00:00,-17.09
2023-01-09 09:15:00,-16.84
2023-01-09 09:30:00,-16.50
2023-01-09 09:45:00,-16.19
2023-01-09 10:00:00,-16.13
2023-01-09 10:15:00,-15.90
2023-01-09 10:30:00,-15.65
2023-01-09 10:45:00,-15.43
2023-01-09 11:00:00,-14.91
2023-01-09 11:15:00,-14.35
2023-01-09 11:30:00,-13.83
2023-01-09 11:45:00,-13.37
2023-01-09 12:00:00,-13.04
2023-01-09 12:15:00,-12.72
2023-01-09 12:30:00,-12.43
2023-01-09 12:45:00,-12.32
2023-01-09 13:00:00,-12.23
2023-01-09 13:15:00,-12.18
2023-01-09 13:30:00,-11.99
2023-01-09 13:45:00,-11.63
2023-01-09 14:00:00,-11.27
2023-01-09 14:15:00,-11.09
2023-01-09 14:30:00,-11.15
2023-01-09 14:45:00,-11.13
2023-01-09 15:00:00,-11.13
2023-01-09 15:15:00,-10.94
2023-01-09 15:30:00,-10.80
2023-01-09 15:45:00,-10.95
2023-01-09 16:00:00,-11.27
2023-01-09 16:15:00,-11.34
2023-01-09 16:30:00,-11.43
2023-01-09 16:45:00,-11.34
2023-01-09 17:00:00,-11.23
2023-01-09 17:15:00,-11.46
2023-01-09 17:30:00,-11.91
2023-01-09 17:45:00,-12.50
2023-01-09 18:00:00,-12.80
2023-01-09 18:15:00,-13.15
2023-01-09 18:30:00,-14.14
2023-01-09 18:45:00,-14.91
2023-01-09 19:00:00,-15.44
2023-01-09 19:15:00,-15.32
2023-01-09 19:30:00,-14.73
2023-01-09 19:45:00,-15.40
2023-01-09 20:00:00,-15.28
2023-01-09 20:15:00,-14.62
2023-01-09 20:30:00,-14.27
2023-01-09 20:45:00,-14.46
2023-01-09 21:00:00,-14.38
2023-01-09 21:15:00,-14.53
2023-01-09 21:30:00,-13.25
2023-01-09 21:45:00,-13.99
2023-01-09 22:00:00,-13.40
2023-01-09 22:15:00,-13.60
2023-01-09 22:30:00,-14.18
2023-01-09 22:45:00,-14.33
2023-01-09 23:00:00,-14.55
2023-01-09 23:15:00,-14.08
2023-01-09 23:30:00,-13.82
2023-01-09 23:45:00,-13.39
2023-01-10 00:00:00,-12.61
2023-01-10 00:15:00,-11.69
2023-01-10 00:30:00,-11.20
2023-01-10 00:45:00,-10.85
2023-01-10 01:00:00,-10.60
2023-01-10 01:15:00,-10.49
2023-01-10 01:30:00,-10.38
2023-01-10 01:45:00,-10.32
2023-01-10 02:00:00,-10.51
2023-01-10 02:15:00,-11.06
2023-01-10 02:30:00,-11.75
2023-01-10 02:45:00,-12.50
2023-01-10 03:00:00,-12.90
2023-01-10 03:15:00,-13.32
2023-01-10 03:30:00,-13.26
2023-01-10 03:45:00,-13.33
2023-01-10 04:00:00,-13.42
2023-01-10 04:15:00,-13.06
2023-01-10 04:30:00,-12.95
2023-01-10 04:45:00,-13.13
2023-01-10 05:00:00,-13.38
2023-01-10 05:15:00,-13.59
2023-01-10 05:30:00,-13.59
2023-01-10 05:45:00,-13.69
2023-01-10 06:00:00,-13.65
2023-01-10 06:15:00,-13.73
2023-01-10 06:30:00,-13.96
2023-01-10 06:45:00,-13.83
2023-01-10 07:00:00,-13.69
2023-01-10 07:15:00,-13.94
2023-01-10 07:30:00,-14.20
2023-01-10 07:45:00,-14.19
2023-01-10 08:00:00,-14.06
2023-01-10 08:15:00,-14.48
2023-01-10 08:30:00,-14.44
2023-01-10 08:45:00,-14.40
2023-01-10 09:00:00,-14.28
2023-01-10 09:15:00,-13.98
2023-01-10 09:30:00,-13.63
2023-01-10 09:45:00,-13.53
2023-01-10 10:00:00,-13.59
2023-01-10 10:15:00,-13.12
2023-01-10 10:30:00,-12.68
2023-01-10 10:45:00,-12.28
2023-01-10 11:00:00,-11.95
2023-01-10 11:15:00,-11.60
2023-01-10 11:30:00,-11.08
2023-01-10 11:45:00,-10.93
2023-01-10 12:00:00,-10.65
2023-01-10 12:15:00,-10.18
2023-01-10 12:30:00,-9.87
2023-01-10 12:45:00,-9.55
2023-01-10 13:00:00,-9.07
2023-01-10 13:15:00,-8.68
2023-01-10 13:30:00,-8.21
2023-01-10 13:45:00,-7.65
2023-01-10 14:00:00,-7.29
2023-01-10 14:15:00,-6.85
2023-01-10 14:30:00,-6.83
2023-01-10 14:45:00,-6.64
2023-01-10 15:00:00,-6.83
2023-01-10 15:15:00,-6.53
2023-01-10 15:30:00,-6.03
2023-01-10 15:45:00,-6.93
2023-01-10 16:00:00,-7.08
2023-01-10 16:15:00,-7.41
2023-01-10 16:30:00,-7.50
2023-01-10 16:45:00,-7.74
2023-01-10 17:00:00,-8.08
2023-01-10 17:15:00,-8.41
2023-01-10 17:30:00,-8.77
2023-01-10 17:45:00,-9.04
2023-01-10 18:00:00,-9.07
2023-01-10 18:15:00,-9.19
2023-01-10 18:30:00,-9.23
2023-01-10 18:45:00,-9.26
2023-01-10 19:00:00,-9.34
2023-01-10 19:15:00,-9.40
2023-01-10 19:30:00,-9.52
2023-01-10 19:45:00,-9.66
2023-01-10 20:00:00,-9.89
2023-01-10 20:15:00,-10.07
2023-01-10 20:30:00,-10.07
2023-01-10 20:45:00,-10.03
2023-01-10 21:00:00,-10.02
2023-01-10 21:15:00,-9.99
2023-01-10 21:30:00,-10.00
2023-01-10 21:45:00,-10.01
2023-01-10 22:00:00,-10.00
2023-01-10 22:15:00,-9.99
2023-01-10 22:30:00,-9.99
2023-01-10 22:45:00,-9.97
2023-01-10 23:00:00,-10.03
2023-01-10 23:15:00,-10.09
2023-01-10 23:30:00,-10.15
2023-01-10 23:45:00,-10.10
2023-01-11 00:00:00,-10.03
2023-01-11 00:15:00,-10.00
2023-01-11 00:30:00,-9.96
2023-01-11 00:45:00,-9.86
2023-01-11 01:00:00,-9.75
2023-01-11 01:15:00,-9.72
2023-01-11 01:30:00,-9.65
2023-01-11 01:45:00,-9.57
2023-01-11 02:00:00,-9.50
2023-01-11 02:15:00,-9.41
2023-01-11 02:30:00,-9.33
2023-01-11 02:45:00,-9.28
2023-01-11 03:00:00,-9.28
2023-01-11 03:15:00,-9.32
2023-01-11 03:30:00,-9.39
2023-01-11 03:45:00,-9.39
2023-01-11 04:00:00,-9.42
2023-01-11 04:15:00,-9.42
2023-01-11 04:30:00,-9.30
2023-01-11 04:45:00,-9.10
2023-01-11 05:00:00,-8.90
2023-01-11 05:15:00,-8.80
2023-01-11 05:30:00,-8.79
2023-01-11 05:45:00,-8.75
2023-01-11 06:00:00,-8.62
2023-01-11 06:15:00,-8.51
2023-01-11 06:30:00,-8.46
2023-01-11 06:45:00,-8.58
2023-01-11 07:00:00,-8.69
2023-01-11 07:15:00,-8.49
2023-01-11 07:30:00,-8.77
2023-01-11 07:45:00,-9.02
2023-01-11 08:00:00,-8.83
2023-01-11 08:15:00,-8.61
2023-01-11 08:30:00,-8.53
2023-01-11 08:45:00,-8.41
2023-01-11 09:00:00,-8.23
2023-01-11 09:15:00,-8.06
2023-01-11 09:30:00,-7.93
2023-01-11 09:45:00,-7.76
2023-01-11 10:00:00,-7.79
2023-01-11 10:15:00,-7.78
2023-01-11 10:30:00,-7.80
2023-01-11 10:45:00,-7.80
2023-01-11 11:00:00,-7.85
2023-01-11 11:15:00,-8.09
2023-01-11 11:30:00,-8.12
2023-01-11 11:45:00,-8.08
2023-01-11 12:00:00,-8.04
2023-01-11 12:15:00,-8.13
2023-01-11 12:30:00,-8.08
2023-01-11 12:45:00,-8.05
2023-01-11 13:00:00,-8.08
2023-01-11 13:15:00,-8.07
2023-01-11 13:30:00,-8.06
2023-01-11 13:45:00,-7.88
2023-01-11 14:00:00,-7.87
2023-01-11 14:15:00,-7.94
2023-01-11 14:30:00,-7.97
2023-01-11 14:45:00,-7.86
2023-01-11 15:00:00,-7.84
2023-01-11 15:15:00,-7.90
2023-01-11 15:30:00,-7.92
2023-01-11 15:45:00,-8.02
2023-01-11 16:00:00,-8.04
2023-01-11 16:15:00,-8.05
2023-01-11 16:30:00,-8.08
2023-01-11 16:45:00,-8.15
2023-01-11 17:00:00,-8.20
2023-01-11 17:15:00,-8.28
2023-01-11 17:30:00,-8.44
2023-01-11 17:45:00,-8.57
2023-01-11 18:00:00,-8.61
2023-01-11 18:15:00,-8.71
2023-01-11 18:30:00,-8.77
2023-01-11 18:45:00,-8.80
2023-01-11 19:00:00,-8.80
2023-01-11 19:15:00,-8.78
2023-01-11 19:30:00,-8.73
2023-01-11 19:45:00,-8.72
2023-01-11 20:00:00,-8.74
2023-01-11 20:15:00,-8.78
2023-01-11 20:30:00,-8.80
2023-01-11 20:45:00,-8.83
2023-01-11 21:00:00,-8.83
2023-01-11 21:15:00,-8.84
2023-01-11 21:30:00,-8.89
2023-01-11 21:45:00,-8.93
2023-01-11 22:00:00,-8.94
2023-01-11 22:15:00,-8.99
2023-01-11 22:30:00,-9.06
2023-01-11 22:45:00,-9.16
2023-01-11 23:00:00,-9.18
2023-01-11 23:15:00,-9.25
2023-01-11 23:30:00,-9.21
2023-01-11 23:45:00,-9.23
2023-01-12 00:00:00,-9.21
2023-01-12 00:15:00,-9.16
2023-01-12 00:30:00,-9.13
2023-01-12 00:45:00,-9.12
2023-01-12 01:00:00,-9.14
2023-01-12 01:15:00,-9.14
2023-01-12 01:30:00,-9.14
2023-01-12 01:45:00,-9.17
2023-01-12 02:00:00,-9.34
2023-01-12 02:15:00,-9.46
2023-01-12 02:30:00,-9.64
2023-01-12 02:45:00,-9.74
2023-01-12 03:00:00,-9.85
2023-01-12 03:15:00,-9.99
2023-01-12 03:30:00,-9.99
2023-01-12 03:45:00,-10.03
2023-01-12 04:00:00,-10.13
2023-01-12 04:15:00,-10.20
2023-01-12 04:30:00,-10.28
2023-01-12 04:45:00,-10.32
2023-01-12 05:00:00,-10.37
2023-01-12 05:15:00,-10.41
2023-01-12 05:30:00,-10.50
2023-01-12 05:45:00,-10.57
2023-01-12 06:00:00,-10.65
2023-01-12 06:15:00,-10.79
2023-01-12 06:30:00,-10.94
2023-01-12 06:45:00,-11.09
2023-01-12 07:00:00,-11.14
2023-01-12 07:15:00,-11.23
2023-01-12 07:30:00,-11.33
2023-01-12 07:45:00,-11.40
2023-01-12 08:00:00,-11.41
2023-01-12 08:15:00,-11.42
2023-01-12 08:30:00,-11.42
2023-01-12 08:45:00,-11.43
2023-01-12 09:00:00,-11.43
2023-01-12 09:15:00,-11.45
2023-01-12 09:30:00,-11.50
2023-01-12 09:45:00,-11.53
2023-01-12 10:00:00,-11.59
2023-01-12 10:15:00,-11.76
2023-01-12 10:30:00,-11.92
2023-01-12 10:45:00,-11.96
2023-01-12 11:00:00,-12.34
2023-01-12 11:15:00,-12.59
2023-01-12 11:30:00,-12.72
2023-01-12 11:45:00,-12.76
2023-01-12 12:00:00,-12.54
2023-01-12 12:15:00,-12.47
2023-01-12 12:30:00,-12.21
2023-01-12 12:45:00,-12.09
2023-01-12 13:00:00,-11.85
2023-01-12 13:15:00,-11.58
2023-01-12 13:30:00,-11.53
2023-01-12 13:45:00,-11.43
2023-01-12 14:00:00,-11.22
2023-01-12 14:15:00,-11.39
2023-01-12 14:30:00,-11.43
2023-01-12 14:45:00,-11.23
2023-01-12 15:00:00,-11.21
2023-01-12 15:15:00,-11.07
2023-01-12 15:30:00,-11.33
2023-01-12 15:45:00,-11.39
2023-01-12 16:00:00,-11.22
2023-01-12 16:15:00,-11.21
2023-01-12 16:30:00,-11.20
2023-01-12 16:45:00,-10.94
2023-01-12 17:00:00,-11.21
2023-01-12 17:15:00,-11.26
2023-01-12 17:30:00,-11.27
2023-01-12 17:45:00,-11.26
2023-01-12 18:00:00,-11.18
2023-01-12 18:15:00,-11.16
2023-01-12 18:30:00,-11.25
2023-01-12 18:45:00,-11.28
2023-01-12 19:00:00,-11.31
2023-01-12 19:15:00,-11.41
2023-01-12 19:30:00,-11.46
2023-01-12 19:45:00,-11.57
2023-01-12 20:00:00,-11.73
2023-01-12 20:15:00,-11.89
2023-01-12 20:30:00,-12.01
2023-01-12 20:45:00,-12.09
2023-01-12 21:00:00,-12.19
2023-01-12 21:15:00,-12.33
2023-01-12 21:30:00,-12.58
2023-01-12 21:45:00,-12.65
2023-01-12 22:00:00,-12.83
2023-01-12 22:15:00,-12.84
2023-01-12 22:30:00,-12.88
2023-01-12 22:45:00,-13.02
2023-01-12 23:00:00,-13.18
2023-01-12 23:15:00,-13.28
2023-01-12 23:30:00,-13.47
2023-01-12 23:45:00,-13.51
2023-01-13 00:00:00,-13.63
2023-01-13 00:15:00,-13.77
2023-01-13 00:30:00,-13.95
2023-01-13 00:45:00,-14.09
2023-01-13 01:00:00,-14.45
2023-01-13 01:15:00,-14.91
2023-01-13 01:30:00,-15.43
2023-01-13 01:45:00,-15.73
2023-01-13 02:00:00,-16.38
2023-01-13 02:15:00,-17.09
2023-01-13 02:30:00,-17.75
2023-01-13 02:45:00,-18.16
2023-01-13 03:00:00,-18.52
2023-01-13 03:15:00,-18.61
2023-01-13 03:30:00,-18.59
2023-01-13 03:45:00,-18.67
2023-01-13 04:00:00,-18.69
2023-01-13 04:15:00,-18.65
2023-01-13 04:30:00,-18.46
2023-01-13 04:45:00,-18.47
2023-01-13 05:00:00,-18.45
2023-01-13 05:15:00,-18.34
2023-01-13 05:30:00,-18.29
2023-01-13 05:45:00,-18.26
2023-01-13 06:00:00,-18.07
2023-01-13 06:15:00,-17.82
2023-01-13 06:30:00,-17.73
2023-01-13 06:45:00,-17.73
2023-01-13 07:00:00,-17.77
2023-01-13 07:15:00,-17.77
2023-01-13 07:30:00,-17.88
2023-01-13 07:45:00,-18.03
2023-01-13 08:00:00,-18.23
2023-01-13 08:15:00,-18.31
2023-01-13 08:30:00,-18.00
2023-01-13 08:45:00,-17.62
2023-01-13 09:00:00,-17.32
2023-01-13 09:15:00,-16.97
2023-01-13 09:30:00,-16.70
2023-01-13 09:45:00,-16.42
2023-01-13 10:00:00,-16.33
2023-01-13 10:15:00,-16.26
2023-01-13 10:30:00,-16.02
2023-01-13 10:45:00,-15.63
2023-01-13 11:00:00,-15.22
2023-01-13 11:15:00,-14.94
2023-01-13 11:30:00,-14.83
2023-01-13 11:45:00,-14.85
2023-01-13 12:00:00,-14.96
2023-01-13 12:15:00,-15.19
2023-01-13 12:30:00,-15.21
2023-01-13 12:45:00,-15.17
2023-01-13 13:00:00,-15.02
2023-01-13 13:15:00,-14.68
2023-01-13 13:30:00,-14.51
2023-01-13 13:45:00,-14.28
2023-01-13 14:00:00,-14.10
2023-01-13 14:15:00,-13.90
2023-01-13 14:30:00,-13.67
2023-01-13 14:45:00,-13.31
2023-01-13 15:00:00,-13.07
2023-01-13 15:15:00,-12.92
2023-01-13 15:30:00,-12.87
2023-01-13 15:45:00,-12.92
2023-01-13 16:00:00,-12.94
2023-01-13 16:15:00,-12.89
2023-01-13 16:30:00,-12.87
2023-01-13 16:45:00,-12.85
2023-01-13 17:00:00,-12.88
2023-01-13 17:15:00,-12.91
2023-01-13 17:30:00,-12.95
2023-01-13 17:45:00,-12.90
2023-01-13 18:00:00,-12.94
2023-01-13 18:15:00,-12.87
2023-01-13 18:30:00,-12.77
2023-01-13 18:45:00,-12.74
2023-01-13 19:00:00,-12.73
2023-01-13 19:15:00,-12.75
2023-01-13 19:30:00,-12.95
2023-01-13 19:45:00,-13.01
2023-01-13 20:00:00,-13.00
2023-01-13 20:15:00,-12.98
2023-01-13 20:30:00,-12.91
2023-01-13 20:45:00,-12.84
2023-01-13 21:00:00,-12.78
2023-01-13 21:15:00,-12.75
2023-01-13 21:30:00,-12.74
2023-01-13 21:45:00,-12.62
2023-01-13 22:00:00,-12.48
2023-01-13 22:15:00,-12.52
2023-01-13 22:30:00,-12.48
2023-01-13 22:45:00,-12.25
2023-01-13 23:00:00,-12.24
2023-01-13 23:15:00,-12.21
2023-01-13 23:30:00,-12.12
2023-01-13 23:45:00,-12.14
2023-01-14 00:00:00,-12.14
2023-01-14 00:15:00,-12.20
2023-01-14 00:30:00,-12.03
2023-01-14 00:45:00,-11.84
2023-01-14 01:00:00,-11.83
2023-01-14 01:15:00,-11.87
2023-01-14 01:30:00,-11.89
2023-01-14 01:45:00,-11.97
2023-01-14 02:00:00,-11.99
2023-01-14 02:15:00,-11.78
2023-01-14 02:30:00,-11.60
2023-01-14 02:45:00,-11.48
2023-01-14 03:00:00,-11.34
2023-01-14 03:15:00,-11.29
2023-01-14 03:30:00,-11.50
2023-01-14 03:45:00,-11.81
2023-01-14 04:00:00,-12.12
2023-01-14 04:15:00,-12.42
2023-01-14 04:30:00,-12.82
2023-01-14 04:45:00,-13.10
2023-01-14 05:00:00,-13.45
2023-01-14 05:15:00,-13.62
2023-01-14 05:30:00,-13.75
2023-01-14 05:45:00,-13.95
2023-01-14 06:00:00,-14.15
2023-01-14 06:15:00,-14.41
2023-01-14 06:30:00,-14.64
2023-01-14 06:45:00,-14.86
2023-01-14 07:00:00,-14.91
2023-01-14 07:15:00,-14.82
2023-01-14 07:30:00,-14.86
2023-01-14 07:45:00,-14.85
2023-01-14 08:00:00,-14.61
2023-01-14 08:15:00,-14.75
2023-01-14 08:30:00,-14.73
2023-01-14 08:45:00,-14.63
2023-01-14 09:00:00,-14.70
2023-01-14 09:15:00,-14.39
2023-01-14 09:30:00,-13.47
2023-01-14 09:45:00,-12.66
2023-01-14 10:00:00,-12.24
2023-01-14 10:15:00,-11.74
2023-01-14 10:30:00,-11.87
2023-01-14 10:45:00,-12.06
2023-01-14 11:00:00,-11.81
2023-01-14 11:15:00,-11.65
2023-01-14 11:30:00,-11.35
2023-01-14 11:45:00,-11.11
2023-01-14 12:00:00,-10.99
2023-01-14 12:15:00,-10.88
2023-01-14 12:30:00,-10.60
2023-01-14 12:45:00,-10.32
2023-01-14 13:00:00,-10.19
2023-01-14 13:15:00,-10.06
2023-01-14 13:30:00,-9.92
2023-01-14 13:45:00,-9.77
2023-01-14 14:00:00,-9.70
2023-01-14 14:15:00,-9.70
2023-01-14 14:30:00,-9.57
2023-01-14 14:45:00,-9.43
2023-01-14 15:00:00,-9.45
2023-01-14 15:15:00,-9.42
2023-01-14 15:30:00,-9.22
2023-01-14 15:45:00,-8.98
2023-01-14 16:00:00,-8.83
2023-01-14 16:15:00,-8.75
2023-01-14 16:30:00,-8.69
2023-01-14 16:45:00,-8.67
2023-01-14 17:00:00,-8.58
2023-01-14 17:15:00,-8.45
2023-01-14 17:30:00,-8.32
2023-01-14 17:45:00,-8.14
2023-01-14 18:00:00,-8.04
2023-01-14 18:15:00,-7.68
2023-01-14 18:30:00,-7.34
2023-01-14 18:45:00,-7.18
2023-01-14 19:00:00,-7.05
2023-01-14 19:15:00,-6.81
2023-01-14 19:30:00,-6.56
2023-01-14 19:45:00,-6.40
2023-01-14 20:00:00,-6.39
2023-01-14 20:15:00,-6.45
2023-01-14 20:30:00,-6.57
2023-01-14 20:45:00,-6.69
2023-01-14 21:00:00,-6.89
2023-01-14 21:15:00,-6.94
2023-01-14 21:30:00,-6.69
2023-01-14 21:45:00,-6.34
2023-01-14 22:00:00,-6.32
2023-01-14 22:15:00,-6.32
2023-01-14 22:30:00,-6.29
2023-01-14 22:45:00,-6.17
2023-01-14 23:00:00,-6.11
2023-01-14 23:15:00,-6.05
2023-01-14 23:30:00,-6.04
2023-01-14 23:45:00,-6.01
2023-01-15 00:00:00,-5.98
2023-01-15 00:15:00,-5.94
2023-01-15 00:30:00,-5.87
2023-01-15 00:45:00,-5.78
2023-01-15 01:00:00,-5.68
2023-01-15 01:15:00,-5.63
2023-01-15 01:30:00,-5.56
2023-01-15 01:45:00,-5.51
2023-01-15 02:00:00,-5.45
2023-01-15 02:15:00,-5.44
2023-01-15 02:30:00,-5.37
2023-01-15 02:45:00,-5.37
2023-01-15 03:00:00,-5.42
2023-01-15 03:15:00,-5.43
2023-01-15 03:30:00,-5.42
2023-01-15 03:45:00,-5.38
2023-01-15 04:00:00,-5.37
2023-01-15 04:15:00,-5.39
2023-01-15 04:30:00,-5.47
2023-01-15 04:45:00,-5.49
2023-01-15 05:00:00,-5.54
2023-01-15 05:15:00,-5.52
2023-01-15 05:30:00,-5.58
2023-01-15 05:45:00,-5.53
2023-01-15 06:00:00,-5.51
2023-01-15 06:15:00,-5.52
2023-01-15 06:30:00,-5.57
2023-01-15 06:45:00,-5.63
2023-01-15 07:00:00,-5.73
2023-01-15 07:15:00,-5.83
2023-01-15 07:30:00,-5.94
2023-01-15 07:45:00,-6.00
2023-01-15 08:00:00,-6.02
2023-01-15 08:15:00,-6.05
2023-01-15 08:30:00,-6.05
2023-01-15 08:45:00,-6.08
2023-01-15 09:00:00,-6.14
2023-01-15 09:15:00,-6.14
2023-01-15 09:30:00,-6.09
2023-01-15 09:45:00,-6.65
2023-01-15 10:00:00,-6.09
2023-01-15 10:15:00,-5.36
2023-01-15 10:30:00,-5.05
2023-01-15 10:45:00,-4.75
2023-01-15 11:00:00,-4.64
2023-01-15 11:15:00,-4.50
2023-01-15 11:30:00,-4.30
2023-01-15 11:45:00,-3.85
2023-01-15 12:00:00,-3.30
2023-01-15 12:15:00,-2.97
2023-01-15 12:30:00,-2.86
2023-01-15 12:45:00,-2.62
2023-01-15 13:00:00,-2.10
2023-01-15 13:15:00,-2.42
2023-01-15 13:30:00,-2.25
2023-01-15 13:45:00,-2.30
2023-01-15 14:00:00,-2.62
2023-01-15 14:15:00,-2.57
2023-01-15 14:30:00,-2.27
2023-01-15 14:45:00,-2.04
2023-01-15 15:00:00,-2.02
2023-01-15 15:15:00,-2.16
2023-01-15 15:30:00,-2.24
2023-01-15 15:45:00,-3.14
2023-01-15 16:00:00,-3.70
2023-01-15 16:15:00,-3.93
2023-01-15 16:30:00,-4.29
2023-01-15 16:45:00,-4.62
2023-01-15 17:00:00,-4.85
2023-01-15 17:15:00,-4.94
2023-01-15 17:30:00,-5.02
2023-01-15 17:45:00,-5.20
2023-01-15 18:00:00,-5.29
2023-01-15 18:15:00,-5.56
2023-01-15 18:30:00,-5.69
2023-01-15 18:45:00,-5.49
2023-01-15 19:00:00,-5.43
2023-01-15 19:15:00,-5.47
2023-01-15 19:30:00,-5.36
2023-01-15 19:45:00,-5.22
2023-01-15 20:00:00,-5.22
2023-01-15 20:15:00,-5.20
2023-01-15 20:30:00,-5.21
2023-01-15 20:45:00,-5.24
2023-01-15 21:00:00,-5.36
2023-01-15 21:15:00,-5.52
2023-01-15 21:30:00,-5.50
2023-01-15 21:45:00,-5.45
2023-01-15 22:00:00,-5.39
2023-01-15 22:15:00,-5.35
2023-01-15 22:30:00,-5.23
2023-01-15 22:45:00,-5.12
2023-01-15 23:00:00,-5.09
2023-01-15 23:15:00,-5.05
2023-01-15 23:30:00,-4.98
2023-01-15 23:45:00,-4.94
2023-01-16 00:00:00,-4.91
2023-01-16 00:15:00,-4.85
2023-01-16 00:30:00,-4.82
2023-01-16 00:45:00,-4.79
2023-01-16 01:00:00,-4.77
2023-01-16 01:15:00,-4.77
2023-01-16 01:30:00,-4.77
2023-01-16 01:45:00,-4.73
2023-01-16 02:00:00,-4.75
2023-01-16 02:15:00,-4.92
2023-01-16 02:30:00,-5.03
2023-01-16 02:45:00,-5.06
2023-01-16 03:00:00,-5.02
2023-01-16 03:15:00,-4.89
2023-01-16 03:30:00,-4.80
2023-01-16 03:45:00,-4.71
2023-01-16 04:00:00,-4.70
2023-01-16 04:15:00,-4.76
2023-01-16 04:30:00,-4.87
2023-01-16 04:45:00,-5.00
2023-01-16 05:00:00,-5.21
2023-01-16 05:15:00,-5.48
2023-01-16 05:30:00,-5.61
2023-01-16 05:45:00,-5.77
2023-01-16 06:00:00,-5.94
2023-01-16 06:15:00,-6.08
2023-01-16 06:30:00,-6.12
2023-01-16 06:45:00,-6.18
2023-01-16 07:00:00,-6.12
2023-01-16 07:15:00,-6.06
2023-01-16 07:30:00,-5.95
2023-01-16 07:45:00,-5.88
2023-01-16 08:00:00,-5.88
2023-01-16 08:15:00,-5.86
2023-01-16 08:30:00,-5.77
2023-01-16 08:45:00,-5.63
2023-01-16 09:00:00,-5.53
2023-01-16 09:15:00,-5.60
2023-01-16 09:30:00,-5.80
2023-01-16 09:45:00,-6.02
2023-01-16 10:00:00,-5.98
2023-01-16 10:15:00,-6.07
2023-01-16 10:30:00,-6.22
2023-01-16 10:45:00,-6.32
2023-01-16 11:00:00,-6.45
2023-01-16 11:15:00,-6.61
2023-01-16 11:30:00,-6.97
2023-01-16 11:45:00,-7.14
2023-01-16 12:00:00,-7.15
2023-01-16 12:15:00,-7.17
2023-01-16 12:30:00,-7.25
2023-01-16 12:45:00,-7.26
2023-01-16 13:00:00,-7.26
2023-01-16 13:15:00,-7.26
2023-01-16 13:30:00,-7.36
2023-01-16 13:45:00,-7.44
2023-01-16 14:00:00,-7.62
2023-01-16 14:15:00,-7.79
2023-01-16 14:30:00,-7.85
2023-01-16 14:45:00,-7.90
2023-01-16 15:00:00,-8.00
2023-01-16 15:15:00,-8.04
2023-01-16 15:30:00,-8.09
2023-01-16 15:45:00,-8.20
2023-01-16 16:00:00,-8.30
2023-01-16 16:15:00,-8.43
2023-01-16 16:30:00,-8.61
2023-01-16 16:45:00,-8.82
2023-01-16 17:00:00,-9.09
2023-01-16 17:15:00,-9.24
2023-01-16 17:30:00,-9.45
2023-01-16 17:45:00,-9.58
2023-01-16 18:00:00,-9.61
2023-01-16 18:15:00,-9.71
2023-01-16 18:30:00,-9.80
2023-01-16 18:45:00,-9.87
2023-01-16 19:00:00,-9.92
2023-01-16 19:15:00,-9.94
2023-01-16 19:30:00,-10.01
2023-01-16 19:45:00,-10.10
2023-01-16 20:00:00,-10.16
2023-01-16 20:15:00,-10.20
2023-01-16 20:30:00,-10.22
2023-01-16 20:45:00,-10.26
2023-01-16 21:00:00,-10.27
2023-01-16 21:15:00,-10.31
2023-01-16 21:30:00,-10.37
2023-01-16 21:45:00,-10.41
2023-01-16 22:00:00,-10.41
2023-01-16 22:15:00,-10.40
2023-01-16 22:30:00,-10.35
2023-01-16 22:45:00,-10.35
2023-01-16 23:00:00,-10.39
2023-01-16 23:15:00,-10.37
2023-01-16 23:30:00,-10.39
2023-01-16 23:45:00,-10.47
2023-01-17 00:00:00,-10.57
2023-01-17 00:15:00,-10.75
2023-01-17 00:30:00,-10.95
2023-01-17 00:45:00,-11.11
2023-01-17 01:00:00,-11.34
2023-01-17 01:15:00,-11.50
2023-01-17 01:30:00,-11.53
2023-01-17 01:45:00,-11.52
2023-01-17 02:00:00,-11.54
2023-01-17 02:15:00,-11.52
2023-01-17 02:30:00,-11.49
2023-01-17 02:45:00,-11.54
2023-01-17 03:00:00,-11.61
2023-01-17 03:15:00,-11.65
2023-01-17 03:30:00,-11.62
2023-01-17 03:45:00,-11.66
2023-01-17 04:00:00,-11.71
2023-01-17 04:15:00,-11.75
2023-01-17 04:30:00,-11.83
2023-01-17 04:45:00,-11.99
2023-01-17 05:00:00,-12.46
2023-01-17 05:15:00,-12.98
2023-01-17 05:30:00,-13.51
2023-01-17 05:45:00,-13.87
2023-01-17 06:00:00,-14.16
2023-01-17 06:15:00,-14.37
2023-01-17 06:30:00,-14.43
2023-01-17 06:45:00,-14.26
2023-01-17 07:00:00,-14.00
2023-01-17 07:15:00,-13.73
2023-01-17 07:30:00,-13.58
2023-01-17 07:45:00,-13.55
2023-01-17 08:00:00,-13.57
2023-01-17 08:15:00,-13.49
2023-01-17 08:30:00,-13.46
2023-01-17 08:45:00,-13.31
2023-01-17 09:00:00,-13.32
2023-01-17 09:15:00,-13.41
2023-01-17 09:30:00,-13.57
2023-01-17 09:45:00,-13.53
2023-01-17 10:00:00,-13.69
2023-01-17 10:15:00,-14.12
2023-01-17 10:30:00,-14.37
2023-01-17 10:45:00,-14.39
2023-01-17 11:00:00,-14.33
2023-01-17 11:15:00,-14.09
2023-01-17 11:30:00,-13.90
2023-01-17 11:45:00,-13.64
2023-01-17 12:00:00,-13.28
2023-01-17 12:15:00,-13.00
2023-01-17 12:30:00,-12.72
2023-01-17 12:45:00,-12.46
2023-01-17 13:00:00,-12.16
2023-01-17 13:15:00,-11.98
2023-01-17 13:30:00,-11.89
2023-01-17 13:45:00,-11.97
2023-01-17 14:00:00,-11.92
2023-01-17 14:15:00,-11.92
2023-01-17 14:30:00,-11.89
2023-01-17 14:45:00,-11.90
2023-01-17 15:00:00,-11.95
2023-01-17 15:15:00,-11.94
2023-01-17 15:30:00,-11.95
2023-01-17 15:45:00,-12.02
2023-01-17 16:00:00,-12.01
2023-01-17 16:15:00,-12.02
2023-01-17 16:30:00,-12.04
2023-01-17 16:45:00,-12.02
2023-01-17 17:00:00,-12.04
2023-01-17 17:15:00,-12.03
2023-01-17 17:30:00,-12.02
2023-01-17 17:45:00,-12.04
2023-01-17 18:00:00,-11.99
2023-01-17 18:15:00,-11.92
2023-01-17 18:30:00,-11.88
2023-01-17 18:45:00,-11.86
2023-01-17 19:00:00,-11.81
2023-01-17 19:15:00,-11.77
2023-01-17 19:30:00,-11.77
2023-01-17 19:45:00,-11.77
2023-01-17 20:00:00,-11.73
2023-01-17 20:15:00,-11.68
2023-01-17 20:30:00,-11.58
2023-01-17 20:45:00,-11.46
2023-01-17 21:00:00,-11.30
2023-01-17 21:15:00,-11.19
2023-01-17 21:30:00,-11.07
2023-01-17 21:45:00,-10.98
2023-01-17 22:00:00,-10.94
2023-01-17 22:15:00,-10.88
2023-01-17 22:30:00,-10.82
2023-01-17 22:45:00,-10.79
2023-01-17 23:00:00,-10.77
2023-01-17 23:15:00,-10.79
2023-01-17 23:30:00,-10.74
2023-01-17 23:45:00,-10.68
2023-01-18 00:00:00,-10.65
2023-01-18 00:15:00,-10.60
2023-01-18 00:30:00,-10.61
2023-01-18 00:45:00,-10.60
2023-01-18 01:00:00,-10.60
2023-01-18 01:15:00,-10.60
2023-01-18 01:30:00,-10.61
2023-01-18 01:45:00,-10.58
2023-01-18 02:00:00,-10.61
2023-01-18 02:15:00,-10.66
2023-01-18 02:30:00,-10.68
2023-01-18 02:45:00,-10.71
2023-01-18 03:00:00,-10.76
2023-01-18 03:15:00,-10.77
2023-01-18 03:30:00,-10.80
2023-01-18 03:45:00,-10.81
2023-01-18 04:00:00,-10.81
2023-01-18 04:15:00,-10.83
2023-01-18 04:30:00,-10.88
2023-01-18 04:45:00,-10.94
2023-01-18 05:00:00,-10.93
2023-01-18 05:15:00,-10.92
2023-01-18 05:30:00,-10.87
2023-01-18 05:45:00,-10.79
2023-01-18 06:00:00,-10.71
2023-01-18 06:15:00,-10.66
2023-01-18 06:30:00,-10.67
2023-01-18 06:45:00,-10.67
2023-01-18 07:00:00,-10.67
2023-01-18 07:15:00,-10.67
2023-01-18 07:30:00,-10.67
2023-01-18 07:45:00,-10.69
2023-01-18 08:00:00,-10.68
2023-01-18 08:15:00,-10.68
2023-01-18 08:30:00,-10.68
2023-01-18 08:45:00,-10.69
2023-01-18 09:00:00,-10.65
2023-01-18 09:15:00,-10.58
2023-01-18 09:30:00,-10.43
2023-01-18 09:45:00,-10.31
2023-01-18 10:00:00,-10.21
2023-01-18 10:15:00,-10.06
2023-01-18 10:30:00,-9.87
2023-01-18 10:45:00,-9.59
2023-01-18 11:00:00,-9.11
2023-01-18 11:15:00,-8.94
2023-01-18 11:30:00,-8.69
2023-01-18 11:45:00,-8.45
2023-01-18 12:00:00,-8.63
2023-01-18 12:15:00,-8.77
2023-01-18 12:30:00,-8.45
2023-01-18 12:45:00,-8.21
2023-01-18 13:00:00,-8.19
2023-01-18 13:15:00,-7.66
2023-01-18 13:30:00,-7.72
2023-01-18 13:45:00,-8.10
2023-01-18 14:00:00,-7.94
2023-01-18 14:15:00,-7.18
2023-01-18 14:30:00,-6.99
2023-01-18 14:45:00,-7.02
2023-01-18 15:00:00,-7.14
2023-01-18 15:15:00,-7.48
2023-01-18 15:30:00,-7.47
2023-01-18 15:45:00,-7.53
2023-01-18 16:00:00,-7.58
2023-01-18 16:15:00,-7.60
2023-01-18 16:30:00,-7.58
2023-01-18 16:45:00,-7.77
2023-01-18 17:00:00,-7.83
2023-01-18 17:15:00,-7.89
2023-01-18 17:30:00,-7.93
2023-01-18 17:45:00,-7.89
2023-01-18 18:00:00,-7.88
2023-01-18 18:15:00,-7.85
2023-01-18 18:30:00,-7.81
2023-01-18 18:45:00,-7.78
2023-01-18 19:00:00,-7.79
2023-01-18 19:15:00,-7.78
2023-01-18 19:30:00,-7.79
2023-01-18 19:45:00,-7.86
2023-01-18 20:00:00,-7.88
2023-01-18 20:15:00,-7.81
2023-01-18 20:30:00,-7.76
2023-01-18 20:45:00,-7.74
2023-01-18 21:00:00,-7.79
2023-01-18 21:15:00,-7.76
2023-01-18 21:30:00,-7.76
2023-01-18 21:45:00,-7.80
2023-01-18 22:00:00,-7.83
2023-01-18 22:15:00,-7.87
2023-01-18 22:30:00,-7.97
2023-01-18 22:45:00,-8.05
2023-01-18 23:00:00,-8.10
2023-01-18 23:15:00,-8.10
2023-01-18 23:30:00,-8.12
2023-01-18 23:45:00,-8.10
2023-01-19 00:00:00,-8.10
2023-01-19 00:15:00,-8.11
2023-01-19 00:30:00,-8.11
2023-01-19 00:45:00,-8.18
2023-01-19 01:00:00,-8.45
2023-01-19 01:15:00,-8.84
2023-01-19 01:30:00,-9.00
2023-01-19 01:45:00,-9.21
2023-01-19 02:00:00,-9.78
2023-01-19 02:15:00,-9.56
2023-01-19 02:30:00,-9.32
2023-01-19 02:45:00,-8.88
2023-01-19 03:00:00,-8.79
2023-01-19 03:15:00,-8.99
2023-01-19 03:30:00,-9.17
2023-01-19 03:45:00,-9.26
2023-01-19 04:00:00,-9.18
2023-01-19 04:15:00,-9.02
2023-01-19 04:30:00,-8.96
2023-01-19 04:45:00,-8.87
2023-01-19 05:00:00,-8.78
2023-01-19 05:15:00,-8.77
2023-01-19 05:30:00,-8.74
2023-01-19 05:45:00,-8.70
2023-01-19 06:00:00,-8.72
2023-01-19 06:15:00,-8.72
2023-01-19 06:30:00,-8.74
2023-01-19 06:45:00,-8.76
2023-01-19 07:00:00,-8.76
2023-01-19 07:15:00,-8.74
2023-01-19 07:30:00,-8.73
2023-01-19 07:45:00,-8.70
2023-01-19 08:00:00,-8.73
2023-01-19 08:15:00,-8.75
2023-01-19 08:30:00,-8.79
2023-01-19 08:45:00,-8.78
2023-01-19 09:00:00,-8.73
2023-01-19 09:15:00,-8.59
2023-01-19 09:30:00,-8.39
2023-01-19 09:45:00,-8.26
2023-01-19 10:00:00,-8.14
2023-01-19 10:15:00,-7.93
2023-01-19 10:30:00,-7.71
2023-01-19 10:45:00,-7.39
2023-01-19 11:00:00,-7.27
2023-01-19 11:15:00,-7.26
2023-01-19 11:30:00,-7.22
2023-01-19 11:45:00,-7.19
2023-01-19 12:00:00,-7.16
2023-01-19 12:15:00,-7.17
2023-01-19 12:30:00,-6.93
2023-01-19 12:45:00,-6.55
2023-01-19 13:00:00,-6.40
2023-01-19 13:15:00,-6.50
2023-01-19 13:30:00,-6.84
2023-01-19 13:45:00,-7.14
2023-01-19 14:00:00,-7.24
2023-01-19 14:15:00,-7.27
2023-01-19 14:30:00,-7.10
2023-01-19 14:45:00,-7.24
2023-01-19 15:00:00,-7.45
2023-01-19 15:15:00,-7.55
2023-01-19 15:30:00,-7.69
2023-01-19 15:45:00,-7.93
2023-01-19 16:00:00,-8.21
2023-01-19 16:15:00,-8.35
2023-01-19 16:30:00,-8.41
2023-01-19 16:45:00,-8.42
2023-01-19 17:00:00,-8.49
2023-01-19 17:15:00,-8.52
2023-01-19 17:30:00,-8.61
2023-01-19 17:45:00,-8.70
2023-01-19 18:00:00,-8.78
2023-01-19 18:15:00,-8.81
2023-01-19 18:30:00,-8.85
2023-01-19 18:45:00,-8.85
2023-01-19 19:00:00,-8.86
2023-01-19 19:15:00,-8.86
2023-01-19 19:30:00,-8.86
2023-01-19 19:45:00,-8.87
2023-01-19 20:00:00,-8.85
2023-01-19 20:15:00,-8.86
2023-01-19 20:30:00,-8.86
2023-01-19 20:45:00,-8.83
2023-01-19 21:00:00,-8.81
2023-01-19 21:15:00,-8.78
2023-01-19 21:30:00,-8.75
2023-01-19 21:45:00,-8.73
2023-01-19 22:00:00,-8.72
2023-01-19 22:15:00,-8.73
2023-01-19 22:30:00,-8.67
2023-01-19 22:45:00,-8.61
2023-01-19 23:00:00,-8.61
2023-01-19 23:15:00,-8.64
2023-01-19 23:30:00,-8.60
2023-01-19 23:45:00,-8.59
2023-01-20 00:00:00,-8.57
2023-01-20 00:15:00,-8.53
2023-01-20 00:30:00,-8.51
2023-01-20 00:45:00,-8.47
2023-01-20 01:00:00,-8.45
2023-01-20 01:15:00,-8.41
2023-01-20 01:30:00,-8.40
2023-01-20 01:45:00,-8.38
2023-01-20 02:00:00,-8.34
2023-01-20 02:15:00,-8.31
2023-01-20 02:30:00,-8.25
2023-01-20 02:45:00,-8.19
2023-01-20 03:00:00,-8.17
2023-01-20 03:15:00,-8.12
2023-01-20 03:30:00,-8.11
2023-01-20 03:45:00,-8.08
2023-01-20 04:00:00,-8.01
2023-01-20 04:15:00,-7.93
2023-01-20 04:30:00,-7.90
2023-01-20 04:45:00,-7.86
2023-01-20 05:00:00,-7.86
2023-01-20 05:15:00,-7.77
2023-01-20 05:30:00,-7.70
2023-01-20 05:45:00,-7.62
2023-01-20 06:00:00,-7.53
2023-01-20 06:15:00,-7.46
2023-01-20 06:30:00,-7.38
2023-01-20 06:45:00,-7.32
2023-01-20 07:00:00,-7.23
2023-01-20 07:15:00,-7.18
2023-01-20 07:30:00,-7.12
2023-01-20 07:45:00,-7.02
2023-01-20 08:00:00,-6.98
2023-01-20 08:15:00,-6.95
2023-01-20 08:30:00,-6.98
2023-01-20 08:45:00,-6.89
2023-01-20 09:00:00,-6.72
2023-01-20 09:15:00,-6.55
2023-01-20 09:30:00,-6.38
2023-01-20 09:45:00,-6.02
2023-01-20 10:00:00,-5.57
2023-01-20 10:15:00,-5.00
2023-01-20 10:30:00,-4.94
2023-01-20 10:45:00,-4.94
2023-01-20 11:00:00,-4.78
2023-01-20 11:15:00,-4.63
2023-01-20 11:30:00,-4.39
2023-01-20 11:45:00,-4.09
2023-01-20 12:00:00,-3.98
2023-01-20 12:15:00,-3.98
2023-01-20 12:30:00,-4.04
2023-01-20 12:45:00,-4.05
2023-01-20 13:00:00,-4.14
2023-01-20 13:15:00,-3.95
2023-01-20 13:30:00,-3.88
2023-01-20 13:45:00,-3.90
2023-01-20 14:00:00,-3.99
2023-01-20 14:15:00,-4.04
2023-01-20 14:30:00,-4.14
2023-01-20 14:45:00,-4.45
2023-01-20 15:00:00,-4.62
2023-01-20 15:15:00,-4.68
2023-01-20 15:30:00,-4.64
2023-01-20 15:45:00,-4.70
2023-01-20 16:00:00,-4.76
2023-01-20 16:15:00,-5.08
2023-01-20 16:30:00,-5.23
2023-01-20 16:45:00,-5.27
2023-01-20 17:00:00,-5.37
2023-01-20 17:15:00,-5.51
2023-01-20 17:30:00,-5.67
2023-01-20 17:45:00,-5.82
2023-01-20 18:00:00,-5.96
2023-01-20 18:15:00,-6.06
2023-01-20 18:30:00,-6.14
2023-01-20 18:45:00,-6.53
2023-01-20 19:00:00,-7.69
2023-01-20 19:15:00,-9.15
2023-01-20 19:30:00,-10.16
2023-01-20 19:45:00,-10.48
2023-01-20 20:00:00,-10.27
2023-01-20 20:15:00,-10.51
2023-01-20 20:30:00,-10.73
2023-01-20 20:45:00,-11.37
2023-01-20 21:00:00,-11.90
2023-01-20 21:15:00,-12.46
2023-01-20 21:30:00,-12.76
2023-01-20 21:45:00,-13.51
2023-01-20 22:00:00,-13.89
2023-01-20 22:15:00,-13.62
2023-01-20 22:30:00,-13.35
2023-01-20 22:45:00,-13.07
2023-01-20 23:00:00,-13.07
2023-01-20 23:15:00,-13.55
2023-01-20 23:30:00,-13.82
2023-01-20 23:45:00,-14.26
2023-01-21 00:00:00,-14.33
2023-01-21 00:15:00,-14.16
2023-01-21 00:30:00,-14.05
2023-01-21 00:45:00,-13.30
2023-01-21 01:00:00,-11.92
2023-01-21 01:15:00,-10.82
2023-01-21 01:30:00,-9.46
2023-01-21 01:45:00,-8.52
2023-01-21 02:00:00,-7.48
2023-01-21 02:15:00,-6.74
2023-01-21 02:30:00,-6.49
2023-01-21 02:45:00,-6.26
2023-01-21 03:00:00,-6.03
2023-01-21 03:15:00,-5.92
2023-01-21 03:30:00,-5.93
2023-01-21 03:45:00,-5.89
2023-01-21 04:00:00,-5.91
2023-01-21 04:15:00,-6.04
2023-01-21 04:30:00,-6.18
2023-01-21 04:45:00,-6.47
2023-01-21 05:00:00,-6.73
2023-01-21 05:15:00,-7.17
2023-01-21 05:30:00,-7.61
2023-01-21 05:45:00,-7.89
2023-01-21 06:00:00,-8.45
2023-01-21 06:15:00,-8.93
2023-01-21 06:30:00,-10.06
2023-01-21 06:45:00,-11.02
2023-01-21 07:00:00,-11.59
2023-01-21 07:15:00,-12.03
2023-01-21 07:30:00,-12.72
2023-01-21 07:45:00,-12.40
2023-01-21 08:00:00,-11.97
2023-01-21 08:15:00,-9.84
2023-01-21 08:30:00,-9.59
2023-01-21 08:45:00,-9.69
2023-01-21 09:00:00,-9.81
2023-01-21 09:15:00,-10.14
2023-01-21 09:30:00,-10.34
2023-01-21 09:45:00,-10.43
2023-01-21 10:00:00,-10.42
2023-01-21 10:15:00,-10.15
2023-01-21 10:30:00,-10.02
2023-01-21 10:45:00,-9.88
2023-01-21 11:00:00,-9.41
2023-01-21 11:15:00,-8.83
2023-01-21 11:30:00,-8.59
2023-01-21 11:45:00,-8.39
2023-01-21 12:00:00,-8.15
2023-01-21 12:15:00,-7.35
2023-01-21 12:30:00,-6.88
2023-01-21 12:45:00,-6.59
2023-01-21 13:00:00,-6.38
2023-01-21 13:15:00,-6.13
2023-01-21 13:30:00,-6.05
2023-01-21 13:45:00,-5.65
2023-01-21 14:00:00,-5.70
2023-01-21 14:15:00,-5.93
2023-01-21 14:30:00,-5.75
2023-01-21 14:45:00,-5.18
2023-01-21 15:00:00,-4.80
2023-01-21 15:15:00,-5.51
2023-01-21 15:30:00,-5.69
2023-01-21 15:45:00,-6.09
2023-01-21 16:00:00,-7.23
2023-01-21 16:15:00,-9.33
2023-01-21 16:30:00,-9.85
2023-01-21 16:45:00,-9.33
2023-01-21 17:00:00,-8.80
2023-01-21 17:15:00,-8.31
2023-01-21 17:30:00,-8.09
2023-01-21 17:45:00,-8.23
2023-01-21 18:00:00,-8.23
2023-01-21 18:15:00,-8.39
2023-01-21 18:30:00,-8.48
2023-01-21 18:45:00,-8.58
2023-01-21 19:00:00,-8.80
2023-01-21 19:15:00,-9.15
2023-01-21 19:30:00,-9.21
2023-01-21 19:45:00,-9.97
2023-01-21 20:00:00,-11.02
2023-01-21 20:15:00,-11.87
2023-01-21 20:30:00,-12.33
2023-01-21 20:45:00,-12.88
2023-01-21 21:00:00,-13.15
2023-01-21 21:15:00,-13.74
2023-01-21 21:30:00,-15.06
2023-01-21 21:45:00,-15.80
2023-01-21 22:00:00,-16.00
2023-01-21 22:15:00,-16.31
2023-01-21 22:30:00,-16.65
2023-01-21 22:45:00,-16.63
2023-01-21 23:00:00,-16.56
2023-01-21 23:15:00,-16.71
2023-01-21 23:30:00,-16.69
2023-01-21 23:45:00,-16.65
2023-01-22 00:00:00,-16.41
2023-01-22 00:15:00,-16.99
2023-01-22 00:30:00,-17.12
2023-01-22 00:45:00,-17.54
2023-01-22 01:00:00,-17.81
2023-01-22 01:15:00,-18.86
2023-01-22 01:30:00,-18.97
2023-01-22 01:45:00,-18.97
2023-01-22 02:00:00,-18.81
2023-01-22 02:15:00,-18.59
2023-01-22 02:30:00,-18.71
2023-01-22 02:45:00,-18.87
2023-01-22 03:00:00,-19.13
2023-01-22 03:15:00,-18.71
2023-01-22 03:30:00,-19.25
2023-01-22 03:45:00,-19.61
2023-01-22 04:00:00,-19.54
2023-01-22 04:15:00,-19.81
2023-01-22 04:30:00,-19.67
2023-01-22 04:45:00,-19.71
2023-01-22 05:00:00,-19.29
2023-01-22 05:15:00,-19.09
2023-01-22 05:30:00,-19.71
2023-01-22 05:45:00,-20.59
2023-01-22 06:00:00,-20.99
2023-01-22 06:15:00,-20.99
2023-01-22 06:30:00,-20.86
2023-01-22 06:45:00,-21.23
2023-01-22 07:00:00,-20.80
2023-01-22 07:15:00,-20.62
2023-01-22 07:30:00,-20.65
2023-01-22 07:45:00,-20.69
2023-01-22 08:00:00,-20.75
2023-01-22 08:15:00,-20.61
2023-01-22 08:30:00,-20.70
2023-01-22 08:45:00,-20.41
2023-01-22 09:00:00,-19.94
2023-01-22 09:15:00,-19.45
2023-01-22 09:30:00,-18.59
2023-01-22 09:45:00,-17.45
2023-01-22 10:00:00,-16.18
2023-01-22 10:15:00,-15.53
2023-01-22 10:30:00,-15.06
2023-01-22 10:45:00,-14.70
2023-01-22 11:00:00,-14.19
2023-01-22 11:15:00,-13.11
2023-01-22 11:30:00,-11.84
2023-01-22 11:45:00,-11.58
2023-01-22 12:00:00,-11.23
2023-01-22 12:15:00,-10.11
2023-01-22 12:30:00,-9.54
2023-01-22 12:45:00,-9.86
2023-01-22 13:00:00,-10.15
2023-01-22 13:15:00,-10.00
2023-01-22 13:30:00,-9.64
2023-01-22 13:45:00,-8.94
2023-01-22 14:00:00,-8.19
2023-01-22 14:15:00,-7.17
2023-01-22 14:30:00,-6.78
2023-01-22 14:45:00,-7.16
2023-01-22 15:00:00,-7.62
2023-01-22 15:15:00,-8.03
2023-01-22 15:30:00,-8.40
2023-01-22 15:45:00,-8.53
2023-01-22 16:00:00,-8.35
2023-01-22 16:15:00,-8.59
2023-01-22 16:30:00,-8.79
2023-01-22 16:45:00,-8.89
2023-01-22 17:00:00,-9.21
2023-01-22 17:15:00,-9.30
2023-01-22 17:30:00,-9.18
2023-01-22 17:45:00,-9.10
2023-01-22 18:00:00,-9.17
2023-01-22 18:15:00,-9.35
2023-01-22 18:30:00,-9.49
2023-01-22 18:45:00,-9.49
2023-01-22 19:00:00,-9.36
2023-01-22 19:15:00,-9.19
2023-01-22 19:30:00,-8.94
2023-01-22 19:45:00,-9.12
2023-01-22 20:00:00,-8.89
2023-01-22 20:15:00,-8.85
2023-01-22 20:30:00,-8.94
2023-01-22 20:45:00,-8.67
2023-01-22 21:00:00,-8.09
2023-01-22 21:15:00,-8.24
2023-01-22 21:30:00,-8.25
2023-01-22 21:45:00,-8.03
2023-01-22 22:00:00,-7.58
2023-01-22 22:15:00,-6.68
2023-01-22 22:30:00,-5.72
2023-01-22 22:45:00,-4.89
2023-01-22 23:00:00,-4.05
2023-01-22 23:15:00,-2.60
2023-01-22 23:30:00,-1.77
2023-01-22 23:45:00,-1.39
2023-01-23 00:00:00,-1.56
2023-01-23 00:15:00,-1.70
2023-01-23 00:30:00,-1.79
2023-01-23 00:45:00,-1.82
2023-01-23 01:00:00,-1.80
2023-01-23 01:15:00,-1.70
2023-01-23 01:30:00,-1.65
2023-01-23 01:45:00,-1.57
2023-01-23 02:00:00,-1.38
2023-01-23 02:15:00,-1.22
2023-01-23 02:30:00,-1.08
2023-01-23 02:45:00,-0.88
2023-01-23 03:00:00,-0.63
2023-01-23 03:15:00,-0.62
2023-01-23 03:30:00,-0.62
2023-01-23 03:45:00,-0.70
2023-01-23 04:00:00,-0.76
2023-01-23 04:15:00,-0.81
2023-01-23 04:30:00,-0.90
2023-01-23 04:45:00,-1.06
2023-01-23 05:00:00,-1.18
2023-01-23 05:15:00,-1.33
2023-01-23 05:30:00,-1.09
2023-01-23 05:45:00,-1.17
2023-01-23 06:00:00,-1.19
2023-01-23 06:15:00,-1.10
2023-01-23 06:30:00,-1.07
2023-01-23 06:45:00,-1.05
2023-01-23 07:00:00,-1.07
2023-01-23 07:15:00,-1.10
2023-01-23 07:30:00,-1.12
2023-01-23 07:45:00,-1.27
2023-01-23 08:00:00,-1.58
2023-01-23 08:15:00,-1.73
2023-01-23 08:30:00,-1.61
2023-01-23 08:45:00,-0.97
2023-01-23 09:00:00,-0.73
2023-01-23 09:15:00,-0.64
2023-01-23 09:30:00,-0.67
2023-01-23 09:45:00,-0.75
2023-01-23 10:00:00,-0.85
2023-01-23 10:15:00,-0.89
2023-01-23 10:30:00,-0.95
2023-01-23 10:45:00,-0.98
2023-01-23 11:00:00,-0.97
2023-01-23 11:15:00,-1.29
2023-01-23 11:30:00,-3.38
2023-01-23 11:45:00,-4.10
2023-01-23 12:00:00,-4.58
2023-01-23 12:15:00,-5.16
2023-01-23 12:30:00,-5.69
2023-01-23 12:45:00,-6.10
2023-01-23 13:00:00,-6.06
2023-01-23 13:15:00,-6.45
2023-01-23 13:30:00,-6.99
2023-01-23 13:45:00,-7.06
2023-01-23 14:00:00,-7.33
2023-01-23 14:15:00,-7.47
2023-01-23 14:30:00,-7.58
2023-01-23 14:45:00,-7.73
2023-01-23 15:00:00,-7.92
2023-01-23 15:15:00,-8.02
2023-01-23 15:30:00,-8.22
2023-01-23 15:45:00,-8.31
2023-01-23 16:00:00,-8.42
2023-01-23 16:15:00,-8.55
2023-01-23 16:30:00,-8.62
2023-01-23 16:45:00,-8.79
2023-01-23 17:00:00,-8.88
2023-01-23 17:15:00,-9.04
2023-01-23 17:30:00,-9.14
2023-01-23 17:45:00,-9.24
2023-01-23 18:00:00,-9.38
2023-01-23 18:15:00,-9.42
2023-01-23 18:30:00,-9.44
2023-01-23 18:45:00,-9.54
2023-01-23 19:00:00,-9.60
2023-01-23 19:15:00,-9.63
2023-01-23 19:30:00,-9.67
2023-01-23 19:45:00,-9.71
2023-01-23 20:00:00,-9.80
2023-01-23 20:15:00,-9.92
2023-01-23 20:30:00,-9.93
2023-01-23 20:45:00,-10.00
2023-01-23 21:00:00,-10.01
2023-01-23 21:15:00,-10.03
2023-01-23 21:30:00,-10.07
2023-01-23 21:45:00,-10.06
2023-01-23 22:00:00,-10.11
2023-01-23 22:15:00,-10.18
2023-01-23 22:30:00,-10.24
2023-01-23 22:45:00,-10.33
2023-01-23 23:00:00,-10.42
2023-01-23 23:15:00,-10.49
2023-01-23 23:30:00,-10.61
2023-01-23 23:45:00,-10.70
2023-01-24 00:00:00,-10.74
2023-01-24 00:15:00,-10.88
2023-01-24 00:30:00,-10.94
2023-01-24 00:45:00,-11.01
2023-01-24 01:00:00,-11.14
2023-01-24 01:15:00,-11.28
2023-01-24 01:30:00,-11.43
2023-01-24 01:45:00,-11.39
2023-01-24 02:00:00,-11.23
2023-01-24 02:15:00,-11.13
2023-01-24 02:30:00,-11.09
2023-01-24 02:45:00,-11.07
2023-01-24 03:00:00,-11.02
2023-01-24 03:15:00,-10.98
2023-01-24 03:30:00,-10.94
2023-01-24 03:45:00,-10.91
2023-01-24 04:00:00,-10.86
2023-01-24 04:15:00,-10.86
2023-01-24 04:30:00,-10.92
2023-01-24 04:45:00,-10.99
2023-01-24 05:00:00,-10.93
2023-01-24 05:15:00,-10.87
2023-01-24 05:30:00,-10.80
2023-01-24 05:45:00,-10.66
2023-01-24 06:00:00,-10.60
2023-01-24 06:15:00,-10.53
2023-01-24 06:30:00,-10.58
2023-01-24 06:45:00,-10.58
2023-01-24 07:00:00,-10.59
2023-01-24 07:15:00,-10.64
2023-01-24 07:30:00,-10.65
2023-01-24 07:45:00,-10.68
2023-01-24 08:00:00,-10.75
2023-01-24 08:15:00,-10.84
2023-01-24 08:30:00,-10.95
2023-01-24 08:45:00,-10.99
2023-01-24 09:00:00,-10.97
2023-01-24 09:15:00,-11.08
2023-01-24 09:30:00,-11.04
2023-01-24 09:45:00,-11.07
2023-01-24 10:00:00,-11.13
2023-01-24 10:15:00,-11.20
2023-01-24 10:30:00,-11.27
2023-01-24 10:45:00,-11.20
2023-01-24 11:00:00,-11.06
2023-01-24 11:15:00,-10.98
2023-01-24 11:30:00,-10.96
2023-01-24 11:45:00,-10.88
2023-01-24 12:00:00,-10.80
2023-01-24 12:15:00,-10.68
2023-01-24 12:30:00,-10.56
2023-01-24 12:45:00,-10.41
2023-01-24 13:00:00,-10.31
2023-01-24 13:15:00,-10.22
2023-01-24 13:30:00,-10.02
2023-01-24 13:45:00,-10.03
2023-01-24 14:00:00,-10.01
2023-01-24 14:15:00,-9.94
2023-01-24 14:30:00,-9.94
2023-01-24 14:45:00,-9.92
2023-01-24 15:00:00,-10.10
2023-01-24 15:15:00,-10.41
2023-01-24 15:30:00,-10.69
2023-01-24 15:45:00,-10.84
2023-01-24 16:00:00,-11.05
2023-01-24 16:15:00,-11.17
2023-01-24 16:30:00,-11.35
2023-01-24 16:45:00,-11.79
2023-01-24 17:00:00,-12.05
2023-01-24 17:15:00,-12.41
2023-01-24 17:30:00,-13.02
2023-01-24 17:45:00,-13.55
2023-01-24 18:00:00,-13.87
2023-01-24 18:15:00,-13.99
2023-01-24 18:30:00,-14.22
2023-01-24 18:45:00,-14.41
2023-01-24 19:00:00,-14.85
2023-01-24 19:15:00,-14.95
2023-01-24 19:30:00,-14.95
2023-01-24 19:45:00,-14.60
2023-01-24 20:00:00,-14.55
2023-01-24 20:15:00,-14.82
2023-01-24 20:30:00,-14.99
2023-01-24 20:45:00,-15.00
2023-01-24 21:00:00,-15.00
2023-01-24 21:15:00,-15.23
2023-01-24 21:30:00,-15.50
2023-01-24 21:45:00,-15.69
2023-01-24 22:00:00,-16.12
2023-01-24 22:15:00,-16.72
2023-01-24 22:30:00,-17.22
2023-01-24 22:45:00,-17.48
2023-01-24 23:00:00,-17.61
2023-01-24 23:15:00,-17.98
2023-01-24 23:30:00,-18.10
2023-01-24 23:45:00,-18.15
2023-01-25 00:00:00,-18.43
2023-01-25 00:15:00,-18.82
2023-01-25 00:30:00,-19.08
2023-01-25 00:45:00,-19.38
2023-01-25 01:00:00,-19.50
2023-01-25 01:15:00,-19.85
2023-01-25 01:30:00,-19.59
2023-01-25 01:45:00,-19.79
2023-01-25 02:00:00,-19.28
2023-01-25 02:15:00,-18.62
2023-01-25 02:30:00,-18.11
2023-01-25 02:45:00,-17.77
2023-01-25 03:00:00,-17.60
2023-01-25 03:15:00,-17.42
2023-01-25 03:30:00,-17.08
2023-01-25 03:45:00,-16.86
2023-01-25 04:00:00,-16.75
2023-01-25 04:15:00,-16.74
2023-01-25 04:30:00,-16.68
2023-01-25 04:45:00,-16.54
2023-01-25 05:00:00,-16.54
2023-01-25 05:15:00,-16.56
2023-01-25 05:30:00,-16.50
2023-01-25 05:45:00,-16.40
2023-01-25 06:00:00,-16.33
2023-01-25 06:15:00,-16.23
2023-01-25 06:30:00,-16.03
2023-01-25 06:45:00,-15.79
2023-01-25 07:00:00,-15.58
2023-01-25 07:15:00,-15.41
2023-01-25 07:30:00,-15.27
2023-01-25 07:45:00,-15.14
2023-01-25 08:00:00,-15.11
2023-01-25 08:15:00,-15.09
2023-01-25 08:30:00,-15.00
2023-01-25 08:45:00,-14.94
2023-01-25 09:00:00,-14.80
2023-01-25 09:15:00,-14.44
2023-01-25 09:30:00,-13.82
2023-01-25 09:45:00,-13.81
2023-01-25 10:00:00,-13.90
2023-01-25 10:15:00,-13.12
2023-01-25 10:30:00,-12.52
2023-01-25 10:45:00,-12.36
2023-01-25 11:00:00,-11.15
2023-01-25 11:15:00,-10.55
2023-01-25 11:30:00,-10.49
2023-01-25 11:45:00,-10.31
2023-01-25 12:00:00,-10.15
2023-01-25 12:15:00,-9.34
2023-01-25 12:30:00,-9.46
2023-01-25 12:45:00,-10.05
2023-01-25 13:00:00,-10.16
2023-01-25 13:15:00,-10.04
2023-01-25 13:30:00,-9.66
2023-01-25 13:45:00,-9.53
2023-01-25 14:00:00,-9.51
2023-01-25 14:15:00,-9.29
2023-01-25 14:30:00,-9.22
2023-01-25 14:45:00,-9.36
2023-01-25 15:00:00,-9.43
2023-01-25 15:15:00,-9.43
2023-01-25 15:30:00,-9.45
2023-01-25 15:45:00,-9.51
2023-01-25 16:00:00,-9.43
2023-01-25 16:15:00,-9.76
2023-01-25 16:30:00,-9.99
2023-01-25 16:45:00,-10.53
2023-01-25 17:00:00,-10.93
2023-01-25 17:15:00,-11.12
2023-01-25 17:30:00,-11.28
2023-01-25 17:45:00,-11.60
2023-01-25 18:00:00,-11.86
2023-01-25 18:15:00,-11.90
2023-01-25 18:30:00,-11.99
2023-01-25 18:45:00,-12.16
2023-01-25 19:00:00,-12.48
2023-01-25 19:15:00,-12.91
2023-01-25 19:30:00,-13.04
2023-01-25 19:45:00,-12.95
2023-01-25 20:00:00,-12.67
2023-01-25 20:15:00,-12.51
2023-01-25 20:30:00,-12.47
2023-01-25 20:45:00,-12.42
2023-01-25 21:00:00,-12.41
2023-01-25 21:15:00,-12.41
2023-01-25 21:30:00,-12.29
2023-01-25 21:45:00,-12.09
2023-01-25 22:00:00,-11.95
2023-01-25 22:15:00,-11.85
2023-01-25 22:30:00,-11.75
2023-01-25 22:45:00,-11.65
2023-01-25 23:00:00,-11.53
2023-01-25 23:15:00,-11.35
2023-01-25 23:30:00,-11.21
2023-01-25 23:45:00,-11.05
2023-01-26 00:00:00,-10.88
2023-01-26 00:15:00,-10.71
2023-01-26 00:30:00,-10.59
2023-01-26 00:45:00,-10.18
2023-01-26 01:00:00,-8.89
2023-01-26 01:15:00,-8.61
2023-01-26 01:30:00,-8.67
2023-01-26 01:45:00,-8.97
2023-01-26 02:00:00,-9.20
2023-01-26 02:15:00,-9.37
2023-01-26 02:30:00,-9.44
2023-01-26 02:45:00,-9.52
2023-01-26 03:00:00,-9.58
2023-01-26 03:15:00,-9.66
2023-01-26 03:30:00,-9.72
2023-01-26 03:45:00,-9.79
2023-01-26 04:00:00,-9.81
2023-01-26 04:15:00,-9.87
2023-01-26 04:30:00,-9.93
2023-01-26 04:45:00,-9.96
2023-01-26 05:00:00,-10.00
2023-01-26 05:15:00,-10.01
2023-01-26 05:30:00,-10.10
2023-01-26 05:45:00,-10.19
2023-01-26 06:00:00,-10.23
2023-01-26 06:15:00,-10.29
2023-01-26 06:30:00,-10.37
2023-01-26 06:45:00,-10.42
2023-01-26 07:00:00,-10.50
2023-01-26 07:15:00,-10.63
2023-01-26 07:30:00,-11.04
2023-01-26 07:45:00,-11.61
2023-01-26 08:00:00,-12.31
2023-01-26 08:15:00,-12.75
2023-01-26 08:30:00,-12.30
2023-01-26 08:45:00,-11.61
2023-01-26 09:00:00,-11.21
2023-01-26 09:15:00,-10.95
2023-01-26 09:30:00,-10.71
2023-01-26 09:45:00,-10.59
2023-01-26 10:00:00,-10.42
2023-01-26 10:15:00,-10.19
2023-01-26 10:30:00,-10.04
2023-01-26 10:45:00,-9.98
2023-01-26 11:00:00,-9.66
2023-01-26 11:15:00,-9.54
2023-01-26 11:30:00,-9.28
2023-01-26 11:45:00,-9.08
2023-01-26 12:00:00,-8.99
2023-01-26 12:15:00,-8.94
2023-01-26 12:30:00,-8.93
2023-01-26 12:45:00,-8.98
2023-01-26 13:00:00,-8.79
2023-01-26 13:15:00,-8.65
2023-01-26 13:30:00,-8.51
2023-01-26 13:45:00,-8.45
2023-01-26 14:00:00,-8.33
2023-01-26 14:15:00,-8.28
2023-01-26 14:30:00,-8.20
2023-01-26 14:45:00,-7.92
2023-01-26 15:00:00,-7.74
2023-01-26 15:15:00,-7.54
2023-01-26 15:30:00,-7.41
2023-01-26 15:45:00,-7.26
2023-01-26 16:00:00,-7.20
2023-01-26 16:15:00,-7.24
2023-01-26 16:30:00,-7.20
2023-01-26 16:45:00,-7.23
2023-01-26 17:00:00,-7.19
2023-01-26 17:15:00,-7.10
2023-01-26 17:30:00,-7.01
2023-01-26 17:45:00,-6.98
2023-01-26 18:00:00,-6.96
2023-01-26 18:15:00,-6.93
2023-01-26 18:30:00,-6.86
2023-01-26 18:45:00,-6.76
2023-01-26 19:00:00,-6.67
2023-01-26 19:15:00,-6.54
2023-01-26 19:30:00,-6.37
2023-01-26 19:45:00,-6.25
2023-01-26 20:00:00,-6.14
2023-01-26 20:15:00,-6.03
2023-01-26 20:30:00,-5.91
2023-01-26 20:45:00,-5.80
2023-01-26 21:00:00,-5.70
2023-01-26 21:15:00,-5.60
2023-01-26 21:30:00,-5.51
2023-01-26 21:45:00,-5.53
2023-01-26 22:00:00,-5.54
2023-01-26 22:15:00,-5.55
2023-01-26 22:30:00,-5.52
2023-01-26 22:45:00,-5.72
2023-01-26 23:00:00,-5.88
2023-01-26 23:15:00,-6.03
2023-01-26 23:30:00,-6.40
2023-01-26 23:45:00,-6.63
2023-01-27 00:00:00,-7.00
2023-01-27 00:15:00,-7.16
2023-01-27 00:30:00,-7.42
2023-01-27 00:45:00,-7.83
2023-01-27 01:00:00,-8.17
2023-01-27 01:15:00,-8.46
2023-01-27 01:30:00,-8.90
2023-01-27 01:45:00,-9.28
2023-01-27 02:00:00,-9.62
2023-01-27 02:15:00,-9.77
2023-01-27 02:30:00,-9.83
2023-01-27 02:45:00,-9.92
2023-01-27 03:00:00,-10.01
2023-01-27 03:15:00,-10.20
2023-01-27 03:30:00,-10.77
2023-01-27 03:45:00,-11.18
2023-01-27 04:00:00,-11.70
2023-01-27 04:15:00,-11.96
2023-01-27 04:30:00,-12.09
2023-01-27 04:45:00,-12.23
2023-01-27 05:00:00,-12.61
2023-01-27 05:15:00,-13.04
2023-01-27 05:30:00,-13.31
2023-01-27 05:45:00,-13.28
2023-01-27 06:00:00,-13.39
2023-01-27 06:15:00,-13.60
2023-01-27 06:30:00,-13.69
2023-01-27 06:45:00,-13.71
2023-01-27 07:00:00,-13.93
2023-01-27 07:15:00,-14.27
2023-01-27 07:30:00,-14.58
2023-01-27 07:45:00,-14.82
2023-01-27 08:00:00,-15.02
2023-01-27 08:15:00,-15.16
2023-01-27 08:30:00,-15.36
2023-01-27 08:45:00,-15.58
2023-01-27 09:00:00,-15.71
2023-01-27 09:15:00,-15.77
2023-01-27 09:30:00,-15.56
2023-01-27 09:45:00,-15.46
2023-01-27 10:00:00,-15.09
2023-01-27 10:15:00,-14.85
2023-01-27 10:30:00,-14.60
2023-01-27 10:45:00,-14.41
2023-01-27 11:00:00,-14.42
2023-01-27 11:15:00,-14.65
2023-01-27 11:30:00,-14.80
2023-01-27 11:45:00,-14.82
2023-01-27 12:00:00,-15.24
2023-01-27 12:15:00,-15.39
2023-01-27 12:30:00,-15.43
2023-01-27 12:45:00,-15.64
2023-01-27 13:00:00,-15.70
2023-01-27 13:15:00,-15.98
2023-01-27 13:30:00,-16.36
2023-01-27 13:45:00,-16.61
2023-01-27 14:00:00,-17.06
2023-01-27 14:15:00,-17.37
2023-01-27 14:30:00,-17.35
2023-01-27 14:45:00,-17.22
2023-01-27 15:00:00,-17.59
2023-01-27 15:15:00,-17.59
2023-01-27 15:30:00,-17.52
2023-01-27 15:45:00,-17.74
2023-01-27 16:00:00,-17.94
2023-01-27 16:15:00,-18.20
2023-01-27 16:30:00,-18.59
2023-01-27 16:45:00,-18.94
2023-01-27 17:00:00,-19.21
2023-01-27 17:15:00,-19.37
2023-01-27 17:30:00,-19.59
2023-01-27 17:45:00,-19.70
2023-01-27 18:00:00,-19.82
2023-01-27 18:15:00,-19.95
2023-01-27 18:30:00,-20.03
2023-01-27 18:45:00,-20.14
2023-01-27 19:00:00,-20.25
2023-01-27 19:15:00,-20.34
2023-01-27 19:30:00,-20.47
2023-01-27 19:45:00,-20.91
2023-01-27 20:00:00,-21.88
2023-01-27 20:15:00,-22.27
2023-01-27 20:30:00,-22.11
2023-01-27 20:45:00,-22.28
2023-01-27 21:00:00,-22.35
2023-01-27 21:15:00,-22.36
2023-01-27 21:30:00,-22.20
2023-01-27 21:45:00,-22.33
2023-01-27 22:00:00,-22.35
2023-01-27 22:15:00,-22.63
2023-01-27 22:30:00,-23.59
2023-01-27 22:45:00,-23.59
2023-01-27 23:00:00,-23.58
2023-01-27 23:15:00,-23.37
2023-01-27 23:30:00,-23.35
2023-01-27 23:45:00,-22.97
2023-01-28 00:00:00,-23.16
2023-01-28 00:15:00,-23.71
2023-01-28 00:30:00,-23.84
2023-01-28 00:45:00,-24.10
2023-01-28 01:00:00,-24.61
2023-01-28 01:15:00,-24.59
2023-01-28 01:30:00,-24.79
2023-01-28 01:45:00,-25.96
2023-01-28 02:00:00,-25.60
2023-01-28 02:15:00,-25.34
2023-01-28 02:30:00,-25.52
2023-01-28 02:45:00,-25.98
2023-01-28 03:00:00,-25.92
2023-01-28 03:15:00,-26.40
2023-01-28 03:30:00,-26.53
2023-01-28 03:45:00,-26.43
2023-01-28 04:00:00,-26.62
2023-01-28 04:15:00,-26.52
2023-01-28 04:30:00,-27.04
2023-01-28 04:45:00,-28.04
2023-01-28 05:00:00,-28.32
2023-01-28 05:15:00,-28.41
2023-01-28 05:30:00,-28.08
2023-01-28 05:45:00,-27.37
2023-01-28 06:00:00,-26.63
2023-01-28 06:15:00,-26.67
2023-01-28 06:30:00,-27.79
2023-01-28 06:45:00,-27.57
2023-01-28 07:00:00,-28.22
2023-01-28 07:15:00,-28.91
2023-01-28 07:30:00,-29.53
2023-01-28 07:45:00,-29.87
2023-01-28 08:00:00,-29.85
2023-01-28 08:15:00,-29.86
2023-01-28 08:30:00,-29.84
2023-01-28 08:45:00,-28.88
2023-01-28 09:00:00,-27.63
2023-01-28 09:15:00,-26.65
2023-01-28 09:30:00,-26.71
2023-01-28 09:45:00,-26.55
2023-01-28 10:00:00,-26.08
2023-01-28 10:15:00,-25.19
2023-01-28 10:30:00,-24.77
2023-01-28 10:45:00,-23.98
2023-01-28 11:00:00,-23.05
2023-01-28 11:15:00,-22.36
2023-01-28 11:30:00,-22.06
2023-01-28 11:45:00,-21.71
2023-01-28 12:00:00,-21.42
2023-01-28 12:15:00,-22.05
2023-01-28 12:30:00,-22.64
2023-01-28 12:45:00,-22.64
2023-01-28 13:00:00,-22.32
2023-01-28 13:15:00,-22.03
2023-01-28 13:30:00,-21.77
2023-01-28 13:45:00,-21.71
2023-01-28 14:00:00,-21.33
2023-01-28 14:15:00,-20.94
2023-01-28 14:30:00,-21.05
2023-01-28 14:45:00,-20.92
2023-01-28 15:00:00,-20.79
2023-01-28 15:15:00,-20.73
2023-01-28 15:30:00,-20.60
2023-01-28 15:45:00,-20.13
2023-01-28 16:00:00,-20.11
2023-01-28 16:15:00,-20.42
2023-01-28 16:30:00,-20.84
2023-01-28 16:45:00,-21.29
2023-01-28 17:00:00,-21.91
2023-01-28 17:15:00,-22.27
2023-01-28 17:30:00,-22.38
2023-01-28 17:45:00,-23.22
2023-01-28 18:00:00,-23.91
2023-01-28 18:15:00,-24.83
2023-01-28 18:30:00,-25.40
2023-01-28 18:45:00,-25.55
2023-01-28 19:00:00,-25.74
2023-01-28 19:15:00,-26.28
2023-01-28 19:30:00,-25.99
2023-01-28 19:45:00,-24.74
2023-01-28 20:00:00,-22.48
2023-01-28 20:15:00,-22.05
2023-01-28 20:30:00,-21.73
2023-01-28 20:45:00,-21.72
2023-01-28 21:00:00,-21.68
2023-01-28 21:15:00,-21.96
2023-01-28 21:30:00,-22.17
2023-01-28 21:45:00,-22.18
2023-01-28 22:00:00,-22.45
2023-01-28 22:15:00,-22.98
2023-01-28 22:30:00,-22.99
2023-01-28 22:45:00,-22.45
2023-01-28 23:00:00,-22.48
2023-01-28 23:15:00,-22.69
2023-01-28 23:30:00,-22.66
2023-01-28 23:45:00,-22.70
2023-01-29 00:00:00,-22.89
2023-01-29 00:15:00,-22.88
2023-01-29 00:30:00,-22.67
2023-01-29 00:45:00,-22.70
2023-01-29 01:00:00,-22.89
2023-01-29 01:15:00,-22.96
2023-01-29 01:30:00,-23.12
2023-01-29 01:45:00,-23.34
2023-01-29 02:00:00,-23.61
2023-01-29 02:15:00,-23.81
2023-01-29 02:30:00,-23.95
2023-01-29 02:45:00,-24.01
2023-01-29 03:00:00,-23.96
2023-01-29 03:15:00,-24.23
2023-01-29 03:30:00,-24.58
2023-01-29 03:45:00,-25.07
2023-01-29 04:00:00,-25.31
2023-01-29 04:15:00,-24.89
2023-01-29 04:30:00,-24.85
2023-01-29 04:45:00,-24.88
2023-01-29 05:00:00,-24.86
2023-01-29 05:15:00,-24.88
2023-01-29 05:30:00,-24.95
2023-01-29 05:45:00,-25.19
2023-01-29 06:00:00,-25.24
2023-01-29 06:15:00,-25.16
2023-01-29 06:30:00,-25.11
2023-01-29 06:45:00,-25.82
2023-01-29 07:00:00,-26.04
2023-01-29 07:15:00,-26.66
2023-01-29 07:30:00,-27.16
2023-01-29 07:45:00,-27.55
2023-01-29 08:00:00,-27.87
2023-01-29 08:15:00,-28.47
2023-01-29 08:30:00,-28.12
2023-01-29 08:45:00,-26.94
2023-01-29 09:00:00,-27.56
2023-01-29 09:15:00,-27.93
2023-01-29 09:30:00,-27.34
2023-01-29 09:45:00,-26.73
2023-01-29 10:00:00,-25.55
2023-01-29 10:15:00,-24.72
2023-01-29 10:30:00,-24.34
2023-01-29 10:45:00,-23.90
2023-01-29 11:00:00,-23.63
2023-01-29 11:15:00,-23.08
2023-01-29 11:30:00,-22.24
2023-01-29 11:45:00,-22.13
2023-01-29 12:00:00,-22.19
2023-01-29 12:15:00,-22.11
2023-01-29 12:30:00,-21.96
2023-01-29 12:45:00,-21.95
2023-01-29 13:00:00,-22.12
2023-01-29 13:15:00,-22.46
2023-01-29 13:30:00,-22.55
2023-01-29 13:45:00,-22.55
2023-01-29 14:00:00,-22.40
2023-01-29 14:15:00,-22.14
2023-01-29 14:30:00,-22.11
2023-01-29 14:45:00,-22.07
2023-01-29 15:00:00,-22.03
2023-01-29 15:15:00,-21.86
2023-01-29 15:30:00,-21.80
2023-01-29 15:45:00,-21.97
2023-01-29 16:00:00,-22.15
2023-01-29 16:15:00,-22.35
2023-01-29 16:30:00,-22.63
2023-01-29 16:45:00,-22.93
2023-01-29 17:00:00,-22.98
2023-01-29 17:15:00,-23.76
2023-01-29 17:30:00,-24.80
2023-01-29 17:45:00,-25.39
2023-01-29 18:00:00,-25.81
2023-01-29 18:15:00,-25.86
2023-01-29 18:30:00,-25.92
2023-01-29 18:45:00,-26.42
2023-01-29 19:00:00,-27.74
2023-01-29 19:15:00,-28.06
2023-01-29 19:30:00,-27.85
2023-01-29 19:45:00,-27.86
2023-01-29 20:00:00,-28.18
2023-01-29 20:15:00,-27.96
2023-01-29 20:30:00,-27.63
2023-01-29 20:45:00,-27.33
2023-01-29 21:00:00,-27.42
2023-01-29 21:15:00,-27.38
2023-01-29 21:30:00,-27.62
2023-01-29 21:45:00,-27.81
2023-01-29 22:00:00,-27.93
2023-01-29 22:15:00,-28.13
2023-01-29 22:30:00,-28.34
2023-01-29 22:45:00,-28.42
2023-01-29 23:00:00,-28.63
2023-01-29 23:15:00,-28.70
2023-01-29 23:30:00,-28.69
2023-01-29 23:45:00,-29.16
2023-01-30 00:00:00,-29.62
2023-01-30 00:15:00,-29.58
2023-01-30 00:30:00,-29.12
2023-01-30 00:45:00,-28.58
2023-01-30 01:00:00,-28.56
2023-01-30 01:15:00,-29.21
2023-01-30 01:30:00,-29.70
2023-01-30 01:45:00,-29.83
2023-01-30 02:00:00,-29.46
2023-01-30 02:15:00,-29.12
2023-01-30 02:30:00,-28.95
2023-01-30 02:45:00,-29.38
2023-01-30 03:00:00,-29.47
2023-01-30 03:15:00,-29.39
2023-01-30 03:30:00,-28.31
2023-01-30 03:45:00,-28.67
2023-01-30 04:00:00,-29.00
2023-01-30 04:15:00,-29.12
2023-01-30 04:30:00,-29.43
2023-01-30 04:45:00,-29.70
2023-01-30 05:00:00,-30.11
2023-01-30 05:15:00,-30.31
2023-01-30 05:30:00,-30.22
2023-01-30 05:45:00,-29.56
2023-01-30 06:00:00,-29.18
2023-01-30 06:15:00,-30.02
2023-01-30 06:30:00,-30.52
2023-01-30 06:45:00,-30.14
2023-01-30 06:45:01,
2023-01-30 08:59:59,
2023-01-30 09:00:00,-28.63
2023-01-30 09:15:00,-27.38
2023-01-30 09:30:00,-26.36
2023-01-30 09:45:00,-25.26
2023-01-30 10:00:00,-24.46
2023-01-30 10:15:00,-23.46
2023-01-30 10:30:00,-23.03
2023-01-30 10:45:00,-22.45
2023-01-30 11:00:00,-22.09
2023-01-30 11:15:00,-21.38
2023-01-30 11:30:00,-20.82
2023-01-30 11:45:00,-20.38
2023-01-30 12:00:00,-20.02
2023-01-30 12:15:00,-19.95
2023-01-30 12:30:00,-19.81
2023-01-30 12:45:00,-19.48
2023-01-30 13:00:00,-18.98
2023-01-30 13:15:00,-18.21
2023-01-30 13:30:00,-18.10
2023-01-30 13:45:00,-18.47
2023-01-30 14:00:00,-18.54
2023-01-30 14:15:00,-18.49
2023-01-30 14:30:00,-18.53
2023-01-30 14:45:00,-18.89
2023-01-30 15:00:00,-18.17
2023-01-30 15:15:00,-17.96
2023-01-30 15:30:00,-17.94
2023-01-30 15:45:00,-18.03
2023-01-30 16:00:00,-18.40
2023-01-30 16:15:00,-18.42
2023-01-30 16:30:00,-18.93
2023-01-30 16:45:00,-19.09
2023-01-30 17:00:00,-19.17
2023-01-30 17:15:00,-19.15
2023-01-30 17:30:00,-19.52
2023-01-30 17:45:00,-19.64
2023-01-30 18:00:00,-19.69
2023-01-30 18:15:00,-19.75
2023-01-30 18:30:00,-19.24
2023-01-30 18:45:00,-19.20
2023-01-30 19:00:00,-19.61
2023-01-30 19:15:00,-20.12
2023-01-30 19:30:00,-20.32
2023-01-30 19:45:00,-20.76
2023-01-30 20:00:00,-21.30
2023-01-30 20:15:00,-21.75
2023-01-30 20:30:00,-22.18
2023-01-30 20:45:00,-22.30
2023-01-30 21:00:00,-23.05
2023-01-30 21:15:00,-23.01
2023-01-30 21:30:00,-23.50
2023-01-30 21:45:00,-23.95
2023-01-30 22:00:00,-24.25
2023-01-30 22:15:00,-24.32
2023-01-30 22:30:00,-24.27
2023-01-30 22:45:00,-25.02
2023-01-30 23:00:00,-25.18
2023-01-30 23:15:00,-25.09
2023-01-30 23:30:00,-24.98
2023-01-30 23:45:00,-25.03
2023-01-31 00:00:00,-25.16
