0,1,2,3,4,5
#Bulk Export - Points as recorded,,,,,
"DISCLAIMER: By exporting the file, you acknowledge our AAFC Disclaimer.

PORTAL
AAFC is granting you access to the data and information stored on the AAFC Aquarius web portal (the Portal) as an authorized user. Access to the Portal is restricted to authorized users only. 

DATA
The data/information on the Portal is from sources internal and external to the Government of Canada. The Portal may only be used to visualize and download unclassified data/information (climate, soil moisture, hydrographs, greenhouse gas emissions, etc.) that pertain to approved Living Labs. AAFC grants the authorized user a non-exclusive, and royalty-free permission to use the data and information for any purposes on the condition that the authorized user identifies the source and the holders of the data. The permissions set our herein do not transfer ownership in the data and information to the authorized user.  The authorized user may not transfer or assigned this permission to a third party in any way or form without AAFC prior authorization. 

RISMA DATA
Access the disclaimer on the RISMA website ""https://agriculture.canada.ca/en/agricultural-production/soil-and-land/real-time-situ-soil-monitoring-agriculture"" 



",,,,,
,RISMA_MB3,RISMA_MB3,RISMA_MB3,RISMA_MB3,RISMA_MB3
,RISMA Manitoba Station 3,RISMA Manitoba Station 3,RISMA Manitoba Station 3,RISMA Manitoba Station 3,RISMA Manitoba Station 3
,Air Temp.Air temperature,Soil Moisture.Soil water content 5 cm depth,Soil Moisture.Soil water content 0 to 5 cm depth,Soil temperature.Soil temperature 5 cm depth,Soil temperature.Soil temperature 0 to 5 cm depth
Timestamp (UTC-06:00),Value (Â°C),Value (m^3/m^3 (VWC)),Value (m^3/m^3 (VWC)),Value (Â°C),Value (Â°C)
2025-07-01 00:00:00,18.85,0.15,0.27,22.7,20.7
2025-07-01 00:15:00,18.38,0.15,0.27,22.4,20.4
2025-07-01 00:30:00,18.42,0.15,0.26,22.2,20.2
2025-07-01 00:45:00,18.38,0.15,0.27,22.0,20.0
2025-07-01 01:00:00,18.21,0.15,0.26,21.8,19.7
2025-07-01 01:15:00,17.96,0.15,0.27,21.6,19.4
2025-07-01 01:30:00,17.20,0.15,0.27,21.4,19.2
2025-07-01 01:45:00,17.44,0.15,0.27,21.2,19.0
2025-07-01 02:00:00,18.27,0.14,0.27,21.2,19.1
2025-07-01 02:15:00,18.52,0.15,0.27,21.0,19.0
2025-07-01 02:30:00,18.71,0.14,0.27,20.8,18.9
2025-07-01 02:45:00,18.59,0.14,0.26,20.8,18.9
2025-07-01 03:00:00,18.35,0.14,0.26,20.6,18.8
2025-07-01 03:15:00,18.39,0.14,0.27,20.5,18.6
2025-07-01 03:30:00,18.06,0.14,0.27,20.4,18.3
2025-07-01 03:45:00,17.76,0.14,0.27,20.3,18.3
2025-07-01 04:00:00,17.70,0.14,0.26,20.2,18.2
2025-07-01 04:15:00,17.45,0.14,0.27,20.0,18.0
2025-07-01 04:30:00,17.15,0.14,0.27,20.0,17.9
2025-07-01 04:45:00,16.92,0.14,0.26,19.8,17.8
2025-07-01 05:00:00,16.18,0.14,0.27,19.8,17.6
2025-07-01 05:15:00,16.25,0.14,0.27,19.6,17.4
2025-07-01 05:30:00,16.14,0.14,0.26,19.6,17.4
2025-07-01 05:45:00,16.33,0.14,0.26,19.4,17.3
2025-07-01 06:00:00,16.86,0.14,0.26,19.3,17.3
2025-07-01 06:15:00,17.43,0.14,0.26,19.2,17.4
2025-07-01 06:30:00,18.00,0.14,0.26,19.2,17.5
2025-07-01 06:45:00,17.66,0.14,0.26,19.2,17.6
2025-07-01 07:00:00,18.04,0.15,0.26,19.2,17.9
2025-07-01 07:15:00,18.61,0.14,0.26,19.2,18.4
2025-07-01 07:30:00,19.15,0.14,0.26,19.4,18.8
2025-07-01 07:45:00,19.85,0.14,0.26,19.5,19.7
2025-07-01 08:00:00,20.45,0.14,0.26,19.7,20.4
2025-07-01 08:15:00,20.87,0.15,0.26,19.9,21.0
2025-07-01 08:30:00,21.26,0.15,0.26,20.0,21.6
2025-07-01 08:45:00,21.77,0.15,0.27,20.2,22.5
2025-07-01 09:00:00,22.10,0.14,0.27,20.4,23.3
2025-07-01 09:15:00,22.48,0.15,0.26,20.8,24.1
2025-07-01 09:30:00,22.69,0.15,0.27,21.2,24.5
2025-07-01 09:45:00,23.00,0.15,0.27,21.6,25.6
2025-07-01 10:00:00,23.41,0.15,0.27,22.2,26.4
2025-07-01 10:15:00,23.80,0.15,0.27,22.8,27.4
2025-07-01 10:30:00,24.05,0.15,0.27,23.2,27.9
2025-07-01 10:45:00,24.53,0.15,0.27,23.9,28.8
2025-07-01 11:00:00,25.04,0.15,0.27,24.5,29.5
2025-07-01 11:15:00,25.34,0.15,0.27,25.1,30.2
2025-07-01 11:30:00,25.71,0.15,0.27,25.7,31.0
2025-07-01 11:45:00,25.94,0.15,0.27,26.1,31.6
2025-07-01 12:00:00,26.37,0.15,0.27,26.7,32.3
2025-07-01 12:15:00,26.59,0.15,0.27,27.4,33.2
2025-07-01 12:30:00,26.82,0.15,0.27,27.8,34.0
2025-07-01 12:45:00,27.26,0.16,0.28,28.4,34.8
2025-07-01 13:00:00,27.42,0.16,0.27,28.8,35.8
2025-07-01 13:15:00,27.42,0.15,0.27,29.2,36.3
2025-07-01 13:30:00,27.71,0.16,0.28,29.9,37.0
2025-07-01 13:45:00,27.73,0.16,0.27,30.3,36.7
2025-07-01 14:00:00,28.03,0.16,0.28,30.7,37.7
2025-07-01 14:15:00,28.32,0.16,0.28,31.4,38.4
2025-07-01 14:30:00,28.80,0.16,0.28,31.7,38.9
2025-07-01 14:45:00,28.69,0.15,0.28,32.2,39.3
2025-07-01 15:00:00,28.39,0.16,0.28,32.5,39.5
2025-07-01 15:15:00,28.62,0.16,0.28,32.9,39.8
2025-07-01 15:30:00,28.16,0.16,0.28,33.0,40.3
2025-07-01 15:45:00,28.45,0.16,0.28,33.1,39.3
2025-07-01 16:00:00,28.66,0.16,0.27,33.1,39.1
2025-07-01 16:15:00,27.56,0.15,0.28,32.9,37.1
2025-07-01 16:30:00,27.66,0.16,0.28,32.3,36.1
2025-07-01 16:45:00,28.74,0.16,0.27,32.2,37.8
2025-07-01 17:00:00,28.74,0.16,0.28,32.3,38.7
2025-07-01 17:15:00,28.17,0.15,0.28,32.3,38.7
2025-07-01 17:30:00,29.02,0.15,0.27,32.3,38.8
2025-07-01 17:45:00,29.11,0.15,0.28,32.2,38.8
2025-07-01 18:00:00,29.51,0.15,0.27,32.0,38.7
2025-07-01 18:15:00,29.87,0.15,0.28,31.8,38.4
2025-07-01 18:30:00,29.82,0.15,0.28,31.6,37.6
2025-07-01 18:45:00,29.30,0.15,0.27,31.3,37.1
2025-07-01 19:00:00,29.85,0.15,0.28,30.9,36.4
2025-07-01 19:15:00,29.75,0.15,0.27,30.7,35.6
2025-07-01 19:30:00,29.54,0.15,0.27,30.3,34.2
2025-07-01 19:45:00,29.13,0.15,0.27,30.0,33.1
2025-07-01 20:00:00,28.42,0.15,0.28,29.7,31.9
2025-07-01 20:15:00,28.49,0.15,0.27,29.4,30.9
2025-07-01 20:30:00,27.85,0.15,0.27,29.1,30.2
2025-07-01 20:45:00,26.42,0.15,0.27,28.7,29.4
2025-07-01 21:00:00,25.55,0.15,0.27,28.3,28.7
2025-07-01 21:15:00,24.92,0.15,0.27,27.9,28.0
2025-07-01 21:30:00,24.88,0.15,0.27,27.7,27.5
2025-07-01 21:45:00,23.99,0.15,0.27,27.4,26.4
2025-07-01 22:00:00,21.30,0.15,0.27,26.9,24.6
2025-07-01 22:15:00,18.27,0.15,0.27,26.3,23.2
2025-07-01 22:30:00,17.71,0.15,0.27,25.8,22.6
2025-07-01 22:45:00,17.54,0.15,0.27,25.3,22.0
2025-07-01 23:00:00,17.14,0.15,0.27,24.7,21.8
2025-07-01 23:15:00,17.30,0.15,0.27,24.2,21.6
2025-07-01 23:30:00,17.26,0.15,0.27,23.9,21.4
2025-07-01 23:45:00,17.17,0.15,0.27,23.6,21.1
2025-07-02 00:00:00,17.14,0.14,0.26,23.3,20.8
2025-07-02 00:15:00,16.84,0.14,0.27,23.0,20.6
2025-07-02 00:30:00,16.78,0.15,0.27,22.7,20.3
2025-07-02 00:45:00,16.83,0.15,0.27,22.4,20.0
2025-07-02 01:00:00,17.06,0.14,0.27,22.1,19.8
2025-07-02 01:15:00,16.98,0.15,0.27,21.9,19.7
2025-07-02 01:30:00,16.91,0.15,0.27,21.8,19.5
2025-07-02 01:45:00,16.67,0.15,0.27,21.6,19.4
2025-07-02 02:00:00,16.55,0.15,0.26,21.4,19.1
2025-07-02 02:15:00,16.52,0.15,0.26,21.2,19.0
2025-07-02 02:30:00,16.40,0.15,0.26,21.1,19.0
2025-07-02 02:45:00,16.40,0.15,0.27,21.0,18.9
2025-07-02 03:00:00,16.36,0.14,0.26,20.9,18.9
2025-07-02 03:15:00,16.19,0.15,0.26,20.8,18.7
2025-07-02 03:30:00,15.93,0.14,0.26,20.7,18.6
2025-07-02 03:45:00,15.72,0.14,0.26,20.6,18.3
2025-07-02 04:00:00,15.48,0.15,0.26,20.4,18.0
2025-07-02 04:15:00,15.48,0.15,0.26,20.2,18.0
2025-07-02 04:30:00,15.60,0.15,0.26,20.2,18.1
2025-07-02 04:45:00,15.81,0.14,0.26,20.1,18.1
2025-07-02 05:00:00,15.91,0.14,0.26,20.0,18.1
2025-07-02 05:15:00,15.61,0.14,0.26,20.0,17.9
2025-07-02 05:30:00,15.46,0.14,0.26,19.8,17.9
2025-07-02 05:45:00,15.26,0.14,0.27,19.8,17.6
2025-07-02 06:00:00,15.35,0.14,0.26,19.6,17.4
2025-07-02 06:15:00,15.21,0.15,0.26,19.6,17.4
2025-07-02 06:30:00,16.09,0.15,0.26,19.4,17.4
2025-07-02 06:45:00,17.41,0.14,0.26,19.4,17.6
2025-07-02 07:00:00,17.74,0.14,0.26,19.4,17.9
2025-07-02 07:15:00,17.67,0.15,0.26,19.5,18.3
2025-07-02 07:30:00,17.71,0.15,0.26,19.6,18.8
2025-07-02 07:45:00,18.11,0.15,0.26,19.8,19.2
2025-07-02 08:00:00,18.59,0.15,0.26,19.8,20.0
2025-07-02 08:15:00,20.10,0.15,0.26,20.0,20.7
2025-07-02 08:30:00,21.23,0.15,0.26,20.2,21.2
2025-07-02 08:45:00,21.40,0.15,0.27,20.4,22.1
2025-07-02 09:00:00,21.62,0.15,0.27,20.8,22.9
2025-07-02 09:15:00,21.08,0.15,0.27,21.2,23.5
2025-07-02 09:30:00,22.45,0.15,0.27,21.6,24.0
2025-07-02 09:45:00,23.14,0.15,0.27,22.0,24.9
2025-07-02 10:00:00,24.23,0.15,0.26,22.5,25.7
2025-07-02 10:15:00,24.39,0.15,0.27,23.0,26.1
2025-07-02 10:30:00,25.05,0.15,0.27,23.3,26.7
2025-07-02 10:45:00,25.55,0.15,0.27,23.9,27.2
2025-07-02 11:00:00,25.87,0.15,0.27,24.3,27.9
2025-07-02 11:15:00,26.53,0.15,0.27,24.9,28.5
2025-07-02 11:30:00,26.87,0.15,0.27,25.3,29.3
2025-07-02 11:45:00,27.19,0.15,0.27,25.9,30.1
2025-07-02 12:00:00,27.15,0.15,0.27,26.4,30.8
2025-07-02 12:15:00,26.54,0.16,0.27,26.9,31.3
2025-07-02 12:30:00,26.48,0.16,0.27,27.4,32.1
2025-07-02 12:45:00,26.29,0.15,0.27,27.9,32.5
2025-07-02 13:00:00,26.57,0.16,0.27,28.2,33.3
2025-07-02 13:15:00,26.81,0.16,0.28,28.7,34.0
2025-07-02 13:30:00,26.76,0.16,0.27,29.2,34.5
2025-07-02 13:45:00,26.86,0.16,0.27,29.7,35.1
2025-07-02 14:00:00,26.87,0.16,0.27,30.1,35.6
2025-07-02 14:15:00,26.84,0.16,0.28,30.4,36.0
2025-07-02 14:30:00,27.04,0.16,0.27,31.0,36.3
2025-07-02 14:45:00,27.05,0.16,0.27,31.3,36.7
2025-07-02 15:00:00,27.14,0.16,0.27,31.5,37.1
2025-07-02 15:15:00,27.16,0.16,0.28,31.8,37.4
2025-07-02 15:30:00,27.23,0.16,0.27,32.3,37.8
2025-07-02 15:45:00,27.30,0.16,0.28,32.5,37.8
2025-07-02 16:00:00,27.60,0.16,0.28,32.5,37.8
2025-07-02 16:15:00,27.50,0.16,0.27,32.3,37.8
2025-07-02 16:30:00,27.43,0.16,0.27,32.3,37.8
2025-07-02 16:45:00,27.34,0.16,0.28,32.4,37.7
2025-07-02 17:00:00,27.16,0.16,0.27,32.2,37.5
2025-07-02 17:15:00,27.26,0.16,0.28,31.9,37.4
2025-07-02 17:30:00,27.30,0.16,0.27,31.7,37.1
2025-07-02 17:45:00,27.39,0.16,0.28,31.5,36.8
2025-07-02 18:00:00,27.22,0.16,0.27,31.3,36.4
2025-07-02 18:15:00,27.16,0.16,0.28,31.0,35.8
2025-07-02 18:30:00,27.14,0.16,0.28,30.6,35.5
2025-07-02 18:45:00,26.95,0.16,0.28,30.2,34.8
2025-07-02 19:00:00,26.88,0.16,0.27,29.8,34.2
2025-07-02 19:15:00,26.70,0.16,0.27,29.6,33.2
2025-07-02 19:30:00,26.54,0.16,0.27,29.2,32.2
2025-07-02 19:45:00,26.12,0.15,0.27,28.9,31.2
2025-07-02 20:00:00,26.10,0.15,0.27,28.5,30.4
2025-07-02 20:15:00,26.17,0.15,0.27,28.2,29.3
2025-07-02 20:30:00,25.91,0.15,0.27,27.9,28.5
2025-07-02 20:45:00,25.44,0.15,0.27,27.6,27.7
2025-07-02 21:00:00,24.19,0.15,0.27,27.3,26.8
2025-07-02 21:15:00,23.80,0.15,0.27,26.8,26.0
2025-07-02 21:30:00,22.82,0.15,0.27,26.5,25.3
2025-07-02 21:45:00,20.90,0.15,0.27,26.1,24.5
2025-07-02 22:00:00,19.27,0.15,0.27,25.6,23.8
2025-07-02 22:15:00,18.40,0.15,0.27,25.2,23.1
2025-07-02 22:30:00,17.63,0.15,0.27,24.8,22.6
2025-07-02 22:45:00,17.14,0.15,0.27,24.5,22.1
2025-07-02 23:00:00,16.94,0.15,0.27,24.1,21.8
2025-07-02 23:15:00,17.37,0.15,0.27,23.8,21.4
2025-07-02 23:30:00,16.63,0.15,0.27,23.5,21.0
2025-07-02 23:45:00,16.08,0.15,0.27,23.3,20.7
2025-07-03 00:00:00,15.80,0.15,0.27,23.0,20.3
2025-07-03 00:15:00,15.33,0.15,0.27,22.7,20.1
2025-07-03 00:30:00,15.29,0.15,0.27,22.4,19.8
2025-07-03 00:45:00,15.35,0.15,0.26,22.2,19.6
2025-07-03 01:00:00,15.27,0.15,0.27,22.0,19.1
2025-07-03 01:15:00,15.45,0.15,0.26,21.8,19.0
2025-07-03 01:30:00,14.70,0.15,0.27,21.6,18.8
2025-07-03 01:45:00,14.21,0.15,0.27,21.4,18.6
2025-07-03 02:00:00,13.93,0.15,0.26,21.2,18.3
2025-07-03 02:15:00,13.74,0.15,0.26,21.0,18.0
2025-07-03 02:30:00,13.44,0.15,0.26,20.8,17.8
2025-07-03 02:45:00,12.84,0.15,0.26,20.6,17.4
2025-07-03 03:00:00,13.15,0.15,0.26,20.4,17.3
2025-07-03 03:15:00,13.27,0.15,0.26,20.2,17.1
2025-07-03 03:30:00,13.16,0.15,0.26,20.0,16.9
2025-07-03 03:45:00,12.89,0.14,0.26,19.8,16.7
2025-07-03 04:00:00,12.41,0.14,0.26,19.6,16.4
2025-07-03 04:15:00,12.65,0.15,0.26,19.5,16.3
2025-07-03 04:30:00,12.79,0.15,0.26,19.3,16.4
2025-07-03 04:45:00,12.79,0.14,0.26,19.2,16.3
2025-07-03 05:00:00,13.16,0.14,0.26,19.1,16.3
2025-07-03 05:15:00,12.84,0.14,0.26,19.1,16.2
2025-07-03 05:30:00,12.67,0.14,0.26,18.9,16.0
2025-07-03 05:45:00,12.76,0.14,0.26,18.9,16.0
2025-07-03 06:00:00,12.57,0.15,0.26,18.7,15.9
2025-07-03 06:15:00,12.99,0.14,0.26,18.7,16.2
2025-07-03 06:30:00,14.24,0.14,0.26,18.7,16.3
2025-07-03 06:45:00,14.98,0.14,0.26,18.7,16.6
2025-07-03 07:00:00,15.78,0.14,0.26,18.7,16.9
2025-07-03 07:15:00,16.65,0.15,0.26,18.7,17.4
2025-07-03 07:30:00,18.19,0.14,0.26,18.8,18.2
2025-07-03 07:45:00,19.43,0.15,0.26,18.9,19.0
2025-07-03 08:00:00,20.40,0.14,0.26,19.2,19.8
2025-07-03 08:30:00,21.40,0.15,0.26,19.6,21.3
2025-07-03 08:45:00,22.03,0.15,0.26,19.8,22.1
2025-07-03 09:00:00,22.72,0.14,0.26,20.2,23.0
2025-07-03 09:15:00,23.23,0.15,0.26,20.6,23.5
2025-07-03 09:30:00,23.49,0.15,0.27,21.0,24.0
2025-07-03 09:45:00,24.28,0.15,0.26,21.4,25.2
2025-07-03 10:00:00,25.35,0.15,0.26,22.0,26.4
2025-07-03 10:15:00,25.88,0.15,0.26,22.7,27.1
2025-07-03 10:30:00,26.34,0.15,0.27,23.3,28.0
2025-07-03 10:45:00,26.76,0.15,0.27,23.9,28.7
2025-07-03 11:00:00,26.90,0.15,0.27,24.4,29.0
2025-07-03 11:15:00,27.26,0.15,0.27,25.0,29.5
2025-07-03 11:30:00,27.86,0.15,0.27,25.2,30.5
2025-07-03 11:45:00,28.17,0.15,0.27,25.8,31.1
2025-07-03 12:00:00,28.19,0.15,0.27,26.4,31.4
2025-07-03 12:15:00,27.55,0.15,0.27,26.5,31.0
2025-07-03 12:30:00,28.35,0.15,0.27,26.8,31.5
2025-07-03 12:45:00,28.77,0.15,0.27,27.0,31.9
2025-07-03 13:00:00,29.04,0.15,0.27,27.1,32.6
2025-07-03 13:15:00,29.52,0.16,0.27,27.7,33.1
2025-07-03 13:30:00,28.85,0.15,0.27,27.9,32.3
2025-07-03 13:45:00,28.59,0.15,0.27,27.8,32.3
2025-07-03 14:00:00,29.24,0.15,0.27,28.2,33.1
2025-07-03 14:15:00,29.16,0.16,0.27,28.2,33.5
2025-07-03 14:30:00,29.94,0.15,0.27,28.8,34.7
2025-07-03 14:45:00,29.79,0.16,0.27,29.0,34.3
2025-07-03 15:00:00,30.56,0.16,0.27,29.4,34.7
2025-07-03 15:15:00,30.23,0.16,0.27,29.4,34.4
2025-07-03 15:30:00,30.26,0.16,0.27,29.5,34.3
2025-07-03 15:45:00,29.65,0.15,0.27,29.3,33.1
2025-07-03 16:00:00,29.27,0.16,0.27,29.0,32.2
2025-07-03 16:15:00,29.71,0.15,0.27,28.9,32.4
2025-07-03 16:30:00,30.01,0.15,0.27,28.8,32.7
2025-07-03 16:45:00,30.40,0.15,0.27,29.1,33.1
2025-07-03 17:00:00,31.75,0.16,0.27,29.2,35.1
2025-07-03 17:15:00,31.79,0.16,0.27,29.4,35.6
2025-07-03 17:30:00,31.42,0.16,0.27,29.6,35.1
2025-07-03 17:45:00,30.83,0.15,0.27,29.5,34.4
2025-07-03 18:00:00,31.18,0.16,0.27,29.5,34.7
2025-07-03 18:15:00,31.54,0.16,0.27,29.5,35.1
2025-07-03 18:30:00,31.41,0.16,0.27,29.5,34.8
2025-07-03 18:45:00,31.11,0.15,0.27,29.3,34.4
2025-07-03 19:00:00,30.97,0.15,0.27,29.2,34.0
2025-07-03 19:15:00,30.83,0.15,0.27,29.1,33.2
2025-07-03 19:30:00,30.64,0.15,0.27,28.8,32.4
2025-07-03 19:45:00,29.99,0.15,0.27,28.6,31.3
2025-07-03 20:00:00,28.73,0.15,0.27,28.4,30.3
2025-07-03 20:15:00,28.15,0.15,0.27,28.1,29.6
2025-07-03 20:30:00,27.75,0.15,0.27,27.8,29.0
2025-07-03 20:45:00,27.31,0.15,0.27,27.6,28.4
2025-07-03 21:00:00,26.99,0.15,0.27,27.3,28.0
2025-07-03 21:15:00,26.66,0.15,0.27,27.3,27.7
2025-07-03 21:30:00,26.40,0.15,0.27,27.0,27.3
2025-07-03 21:45:00,26.13,0.15,0.27,26.7,27.0
2025-07-03 22:00:00,25.81,0.15,0.27,26.5,26.6
2025-07-03 22:15:00,25.52,0.15,0.27,26.3,26.3
2025-07-03 22:30:00,25.27,0.15,0.27,26.2,26.1
2025-07-03 22:45:00,24.92,0.15,0.27,26.0,25.9
2025-07-03 23:00:00,24.93,0.15,0.27,25.8,25.8
2025-07-03 23:15:00,25.02,0.15,0.27,25.7,25.5
2025-07-03 23:30:00,24.87,0.15,0.27,25.5,25.4
2025-07-03 23:45:00,24.57,0.15,0.27,25.4,25.0
2025-07-04 00:00:00,24.07,0.15,0.27,25.3,24.6
2025-07-04 00:15:00,23.76,0.15,0.27,25.2,24.4
2025-07-04 00:30:00,23.48,0.15,0.27,25.0,24.3
2025-07-04 00:45:00,23.52,0.15,0.27,24.8,24.2
2025-07-04 01:00:00,23.82,0.15,0.27,24.8,24.2
2025-07-04 01:15:00,23.74,0.15,0.27,24.7,23.9
2025-07-04 01:30:00,23.85,0.15,0.27,24.6,23.6
2025-07-04 01:45:00,22.83,0.15,0.27,24.4,23.4
2025-07-04 02:00:00,21.22,0.15,0.27,24.2,22.7
2025-07-04 02:15:00,20.91,0.15,0.27,23.9,22.3
2025-07-04 02:30:00,20.69,0.15,0.27,23.6,22.0
2025-07-04 02:45:00,20.56,0.15,0.27,23.5,21.8
2025-07-04 03:00:00,21.18,0.15,0.27,23.4,21.8
2025-07-04 03:15:00,20.95,0.15,0.26,23.2,21.6
2025-07-04 03:30:00,20.57,0.15,0.26,22.9,21.4
2025-07-04 03:45:00,20.14,0.15,0.26,22.7,21.2
2025-07-04 04:00:00,19.81,0.15,0.27,22.5,21.0
2025-07-04 04:15:00,19.83,0.15,0.26,22.5,20.8
2025-07-04 04:30:00,19.71,0.15,0.26,22.3,20.8
2025-07-04 04:45:00,19.74,0.15,0.27,22.1,20.8
2025-07-04 05:00:00,19.76,0.15,0.26,22.0,20.6
2025-07-04 05:15:00,19.63,0.15,0.26,22.0,20.6
2025-07-04 05:30:00,19.63,0.15,0.26,21.8,20.5
2025-07-04 05:45:00,20.05,0.15,0.26,21.8,20.4
2025-07-04 06:00:00,20.15,0.15,0.27,21.7,20.4
2025-07-04 06:15:00,19.76,0.15,0.26,21.6,20.4
2025-07-04 06:30:00,19.91,0.15,0.26,21.6,20.4
2025-07-04 06:45:00,20.63,0.14,0.26,21.6,20.6
2025-07-04 07:00:00,20.76,0.15,0.26,21.6,20.6
2025-07-04 07:15:00,20.90,0.15,0.26,21.6,20.7
2025-07-04 07:30:00,21.07,0.15,0.26,21.7,20.8
2025-07-04 07:45:00,21.49,0.15,0.26,21.7,20.8
2025-07-04 08:00:00,21.83,0.15,0.26,21.7,21.1
2025-07-04 08:15:00,22.02,0.15,0.26,21.8,21.4
2025-07-04 08:30:00,22.93,0.15,0.26,21.9,21.9
2025-07-04 08:45:00,23.39,0.15,0.26,22.1,22.6
2025-07-04 09:00:00,24.23,0.15,0.26,22.4,23.6
2025-07-04 09:15:00,25.47,0.15,0.26,22.9,25.1
2025-07-04 09:30:00,25.01,0.15,0.26,23.3,25.5
2025-07-04 09:45:00,24.29,0.15,0.26,23.5,25.0
2025-07-04 10:00:00,24.38,0.15,0.27,23.6,25.5
2025-07-04 10:15:00,25.29,0.15,0.27,24.0,26.3
2025-07-04 10:30:00,25.12,0.15,0.27,24.2,26.2
2025-07-04 10:45:00,25.35,0.15,0.26,24.3,26.3
2025-07-04 11:00:00,26.13,0.15,0.27,24.5,27.0
2025-07-04 11:15:00,27.77,0.15,0.27,25.1,28.6
2025-07-04 11:30:00,28.27,0.15,0.27,25.6,29.9
2025-07-04 11:45:00,28.29,0.15,0.27,26.4,30.9
2025-07-04 12:00:00,28.84,0.15,0.27,27.1,32.0
2025-07-04 12:15:00,28.49,0.15,0.27,27.6,32.5
2025-07-04 12:30:00,29.07,0.15,0.27,28.3,33.4
2025-07-04 12:45:00,29.40,0.15,0.27,28.8,34.2
2025-07-04 13:00:00,29.73,0.15,0.27,29.0,34.5
2025-07-04 13:15:00,30.30,0.16,0.27,29.7,35.5
2025-07-04 13:30:00,31.13,0.16,0.27,30.5,36.8
2025-07-04 13:45:00,31.40,0.16,0.27,31.0,37.1
2025-07-04 14:00:00,30.57,0.16,0.27,31.0,36.0
2025-07-04 14:15:00,30.88,0.16,0.27,31.0,36.2
2025-07-04 14:30:00,30.07,0.16,0.27,31.1,35.1
2025-07-04 14:45:00,29.90,0.16,0.27,30.9,34.7
2025-07-04 15:00:00,30.18,0.16,0.27,30.8,34.7
2025-07-04 15:15:00,30.32,0.15,0.27,30.5,34.5
2025-07-04 15:30:00,30.48,0.16,0.27,30.7,34.5
2025-07-04 15:45:00,30.67,0.16,0.27,30.8,34.5
2025-07-04 16:00:00,31.22,0.15,0.27,30.8,35.5
2025-07-04 16:15:00,31.59,0.16,0.27,31.1,36.1
2025-07-04 16:30:00,31.81,0.15,0.27,31.3,36.8
2025-07-04 16:45:00,32.22,0.16,0.27,31.5,37.9
2025-07-04 17:00:00,32.06,0.16,0.27,31.8,38.6
2025-07-04 17:15:00,31.96,0.15,0.28,31.8,38.7
2025-07-04 17:30:00,32.36,0.16,0.27,32.2,39.3
2025-07-04 17:45:00,32.11,0.16,0.27,32.3,39.1
2025-07-04 18:00:00,30.72,0.16,0.28,32.2,38.5
2025-07-04 18:15:00,30.17,0.16,0.27,32.1,37.5
2025-07-04 18:30:00,29.29,0.16,0.27,31.7,36.8
2025-07-04 18:45:00,28.94,0.16,0.27,31.4,35.7
2025-07-04 19:00:00,27.67,0.15,0.28,30.9,33.7
2025-07-04 19:15:00,26.89,0.15,0.27,30.3,32.2
2025-07-04 19:30:00,26.31,0.15,0.27,30.0,31.2
2025-07-04 19:45:00,25.97,0.15,0.27,29.5,30.4
2025-07-04 20:00:00,26.05,0.15,0.27,29.1,30.0
2025-07-04 20:15:00,26.54,0.15,0.27,28.9,29.8
2025-07-04 20:30:00,26.44,0.15,0.27,28.6,29.6
2025-07-04 20:45:00,26.10,0.15,0.27,28.3,29.2
2025-07-04 21:00:00,25.94,0.15,0.27,28.1,28.8
2025-07-04 21:15:00,26.05,0.15,0.27,27.9,28.3
2025-07-04 21:30:00,25.75,0.15,0.27,27.8,27.9
2025-07-04 21:45:00,25.56,0.15,0.27,27.5,27.5
2025-07-04 22:00:00,25.30,0.15,0.27,27.2,27.1
2025-07-04 22:15:00,24.78,0.15,0.27,26.9,26.7
2025-07-04 22:30:00,24.25,0.15,0.27,26.7,26.4
2025-07-04 22:45:00,23.92,0.15,0.27,26.4,26.2
2025-07-04 23:00:00,23.71,0.15,0.27,26.2,25.5
2025-07-04 23:15:00,23.92,0.15,0.27,26.0,25.3
2025-07-04 23:30:00,23.71,0.15,0.27,25.7,25.1
2025-07-04 23:45:00,23.40,0.15,0.27,25.5,24.9
2025-07-05 00:00:00,23.38,0.15,0.27,25.3,24.7
2025-07-05 00:15:00,23.33,0.15,0.27,25.0,24.2
2025-07-05 00:30:00,23.04,0.15,0.26,24.9,23.9
2025-07-05 00:45:00,22.71,0.15,0.27,24.7,23.6
2025-07-05 01:00:00,21.84,0.15,0.27,24.4,23.3
2025-07-05 01:15:00,21.14,0.15,0.27,24.3,23.0
2025-07-05 01:30:00,21.01,0.15,0.27,24.2,22.7
2025-07-05 01:45:00,20.60,0.15,0.27,23.9,22.6
2025-07-05 02:00:00,20.12,0.15,0.26,23.7,22.0
2025-07-05 02:15:00,19.65,0.15,0.26,23.5,21.8
2025-07-05 02:30:00,19.40,0.15,0.26,23.3,21.4
2025-07-05 02:45:00,19.36,0.15,0.27,23.0,21.2
2025-07-05 03:00:00,19.28,0.14,0.26,22.9,21.2
2025-07-05 03:15:00,19.30,0.14,0.27,22.7,20.8
2025-07-05 03:30:00,19.03,0.14,0.27,22.5,20.6
2025-07-05 03:45:00,18.61,0.15,0.26,22.3,20.2
2025-07-05 04:00:00,18.48,0.15,0.26,22.1,20.2
2025-07-05 04:15:00,17.97,0.15,0.26,22.0,19.9
2025-07-05 04:30:00,17.76,0.15,0.26,21.8,19.9
2025-07-05 04:45:00,17.37,0.15,0.26,21.6,19.7
2025-07-05 05:00:00,16.69,0.15,0.26,21.6,19.4
2025-07-05 05:15:00,15.79,0.14,0.26,21.4,18.9
2025-07-05 05:30:00,15.30,0.15,0.26,21.2,18.6
2025-07-05 05:45:00,14.59,0.14,0.26,21.0,18.3
2025-07-05 06:00:00,14.55,0.14,0.26,20.8,18.0
2025-07-05 06:15:00,14.45,0.15,0.26,20.7,17.9
2025-07-05 06:30:00,14.72,0.15,0.26,20.5,17.9
2025-07-05 06:45:00,15.18,0.14,0.26,20.3,17.9
2025-07-05 07:00:00,15.51,0.14,0.26,20.3,18.0
2025-07-05 07:15:00,15.96,0.14,0.26,20.3,18.4
2025-07-05 07:30:00,16.45,0.14,0.26,20.3,18.9
2025-07-05 07:45:00,16.97,0.15,0.26,20.4,19.5
2025-07-05 08:00:00,17.56,0.14,0.26,20.4,20.2
2025-07-05 08:15:00,18.17,0.14,0.26,20.6,21.1
2025-07-05 08:30:00,18.75,0.14,0.26,20.8,21.9
2025-07-05 08:45:00,19.38,0.14,0.26,20.9,22.8
2025-07-05 09:00:00,19.94,0.14,0.26,21.0,23.5
2025-07-05 09:15:00,20.18,0.15,0.26,21.2,23.9
2025-07-05 09:30:00,20.48,0.14,0.26,21.6,24.3
2025-07-05 09:45:00,21.18,0.14,0.26,22.0,25.2
2025-07-05 10:00:00,21.31,0.15,0.26,22.4,26.0
2025-07-05 10:15:00,21.38,0.15,0.26,22.8,26.8
2025-07-05 10:30:00,21.57,0.15,0.26,23.2,27.3
2025-07-05 10:45:00,21.96,0.15,0.26,23.6,28.1
2025-07-05 11:00:00,22.05,0.15,0.27,24.1,28.8
2025-07-05 11:15:00,22.30,0.15,0.26,24.6,29.6
2025-07-05 11:30:00,22.59,0.15,0.27,25.1,30.3
2025-07-05 11:45:00,22.59,0.15,0.27,25.5,30.7
2025-07-05 12:00:00,22.61,0.15,0.27,25.9,31.4
2025-07-05 12:15:00,22.74,0.15,0.27,26.5,32.0
2025-07-05 12:30:00,22.60,0.15,0.26,27.1,32.5
2025-07-05 12:45:00,22.88,0.15,0.27,27.6,33.2
2025-07-05 13:00:00,22.98,0.15,0.27,27.6,33.8
2025-07-05 13:15:00,23.19,0.15,0.27,28.0,34.3
2025-07-05 13:30:00,23.51,0.15,0.27,28.4,34.9
2025-07-05 13:45:00,23.25,0.15,0.27,28.9,34.7
2025-07-05 14:00:00,23.31,0.15,0.27,29.3,35.2
2025-07-05 14:15:00,23.39,0.15,0.27,29.4,35.7
2025-07-05 14:30:00,23.51,0.15,0.27,29.7,36.1
2025-07-05 14:45:00,23.45,0.15,0.27,30.1,36.4
2025-07-05 15:00:00,23.61,0.15,0.27,30.4,36.7
2025-07-05 15:15:00,23.61,0.15,0.27,30.5,36.7
2025-07-05 15:30:00,23.61,0.15,0.27,30.6,36.5
2025-07-05 15:45:00,24.05,0.15,0.27,30.6,36.8
2025-07-05 16:00:00,23.99,0.15,0.27,30.7,36.8
2025-07-05 16:15:00,24.19,0.15,0.27,30.7,36.8
2025-07-05 16:30:00,23.94,0.15,0.26,30.5,36.5
2025-07-05 16:45:00,23.94,0.15,0.27,30.2,36.1
2025-07-05 17:00:00,24.00,0.15,0.27,30.0,36.0
2025-07-05 17:15:00,23.74,0.15,0.27,29.9,35.2
2025-07-05 17:30:00,23.77,0.15,0.27,29.6,34.9
2025-07-05 17:45:00,23.48,0.15,0.27,29.4,34.2
2025-07-05 18:00:00,23.53,0.15,0.27,29.3,33.8
2025-07-05 18:15:00,22.97,0.15,0.27,28.9,32.7
2025-07-05 18:30:00,22.74,0.15,0.27,28.5,31.7
2025-07-05 18:45:00,22.76,0.15,0.27,28.3,31.3
2025-07-05 19:00:00,22.31,0.15,0.27,28.1,30.7
2025-07-05 19:15:00,22.20,0.15,0.27,27.8,30.0
2025-07-05 19:30:00,21.98,0.15,0.27,27.6,29.0
2025-07-05 19:45:00,21.57,0.15,0.27,27.1,28.2
2025-07-05 20:00:00,20.88,0.15,0.26,26.9,27.0
2025-07-05 20:15:00,20.71,0.15,0.26,26.6,26.3
2025-07-05 20:30:00,20.04,0.15,0.26,26.2,25.7
2025-07-05 20:45:00,19.53,0.15,0.26,25.9,24.9
2025-07-05 21:00:00,19.15,0.15,0.26,25.7,24.5
2025-07-05 21:15:00,18.92,0.15,0.26,25.3,23.9
2025-07-05 21:30:00,18.31,0.14,0.26,25.1,23.4
2025-07-05 21:45:00,18.02,0.15,0.26,24.7,23.0
2025-07-05 22:00:00,17.80,0.14,0.26,24.5,22.8
2025-07-05 22:15:00,17.28,0.14,0.26,24.3,22.4
2025-07-05 22:30:00,16.68,0.15,0.26,24.0,21.9
2025-07-05 22:45:00,16.46,0.14,0.26,23.8,21.4
2025-07-05 23:00:00,16.44,0.14,0.26,23.6,21.2
2025-07-05 23:15:00,16.38,0.14,0.26,23.3,21.2
2025-07-05 23:30:00,16.25,0.14,0.26,23.1,20.8
2025-07-05 23:45:00,16.12,0.14,0.26,22.9,20.6
2025-07-06 00:00:00,15.94,0.14,0.26,22.7,20.2
2025-07-06 00:15:00,15.54,0.14,0.26,22.4,19.8
2025-07-06 00:30:00,15.09,0.14,0.26,22.2,19.6
2025-07-06 00:45:00,14.80,0.14,0.26,22.0,19.2
2025-07-06 01:00:00,14.58,0.14,0.26,21.8,19.1
2025-07-06 01:15:00,14.66,0.14,0.26,21.6,18.9
2025-07-06 01:30:00,14.41,0.14,0.26,21.4,18.6
2025-07-06 01:45:00,14.40,0.14,0.26,21.3,18.5
2025-07-06 02:00:00,14.16,0.14,0.26,21.1,18.2
2025-07-06 02:15:00,13.82,0.14,0.26,20.9,18.1
2025-07-06 02:30:00,13.51,0.14,0.26,20.7,17.8
2025-07-06 02:45:00,13.11,0.14,0.26,20.6,17.5
2025-07-06 03:00:00,12.33,0.14,0.26,20.5,17.4
2025-07-06 03:15:00,11.66,0.14,0.26,20.3,17.1
2025-07-06 03:30:00,11.99,0.14,0.26,20.2,17.0
2025-07-06 03:45:00,11.85,0.14,0.26,20.0,17.0
2025-07-06 04:00:00,11.86,0.14,0.26,19.9,17.0
2025-07-06 04:15:00,12.06,0.14,0.25,19.8,16.9
2025-07-06 04:30:00,12.49,0.14,0.26,19.7,16.9
2025-07-06 04:45:00,12.80,0.14,0.25,19.7,17.0
2025-07-06 05:00:00,13.16,0.14,0.25,19.6,16.9
2025-07-06 05:15:00,13.14,0.14,0.26,19.5,16.9
2025-07-06 05:30:00,13.22,0.14,0.25,19.5,16.9
2025-07-06 05:45:00,13.20,0.14,0.25,19.4,16.9
2025-07-06 06:00:00,13.02,0.14,0.25,19.3,16.9
2025-07-06 06:15:00,12.84,0.14,0.25,19.2,16.9
2025-07-06 06:30:00,12.68,0.14,0.26,19.2,16.7
2025-07-06 06:45:00,12.70,0.14,0.26,19.2,16.9
2025-07-06 07:00:00,12.90,0.14,0.25,19.2,17.1
2025-07-06 07:15:00,13.04,0.14,0.25,19.1,17.2
2025-07-06 07:30:00,12.93,0.14,0.25,19.1,17.2
2025-07-06 07:45:00,13.09,0.14,0.25,19.1,17.5
2025-07-06 08:00:00,13.52,0.14,0.26,19.2,17.9
2025-07-06 08:15:00,13.75,0.14,0.26,19.4,18.0
2025-07-06 08:30:00,14.43,0.14,0.25,19.4,18.9
2025-07-06 08:45:00,15.26,0.14,0.25,19.7,20.0
2025-07-06 09:00:00,16.04,0.14,0.26,19.9,20.9
2025-07-06 09:15:00,16.38,0.14,0.25,20.2,21.1
2025-07-06 09:30:00,16.59,0.14,0.26,20.5,21.4
2025-07-06 09:45:00,17.07,0.14,0.26,20.8,22.4
2025-07-06 10:00:00,17.42,0.14,0.26,21.1,23.1
2025-07-06 10:15:00,17.74,0.14,0.25,21.3,23.4
2025-07-06 10:30:00,18.21,0.14,0.26,21.7,24.6
2025-07-06 10:45:00,18.99,0.14,0.26,22.1,26.0
2025-07-06 11:00:00,19.35,0.14,0.26,22.7,27.2
2025-07-06 11:15:00,19.13,0.14,0.26,23.1,27.1
2025-07-06 11:30:00,19.44,0.14,0.26,23.3,26.9
2025-07-06 11:45:00,20.14,0.14,0.26,23.7,27.9
2025-07-06 12:00:00,20.47,0.14,0.26,24.2,29.5
2025-07-06 12:15:00,21.29,0.14,0.26,24.9,31.2
2025-07-06 12:30:00,21.08,0.15,0.26,25.6,32.2
2025-07-06 12:45:00,21.00,0.15,0.26,26.1,32.3
2025-07-06 13:00:00,20.86,0.14,0.26,26.5,31.5
2025-07-06 13:15:00,20.80,0.15,0.26,26.3,31.1
2025-07-06 13:30:00,21.22,0.14,0.26,26.5,31.4
2025-07-06 13:45:00,21.47,0.15,0.26,26.8,32.3
2025-07-06 14:00:00,21.65,0.15,0.26,27.1,32.7
2025-07-06 14:15:00,21.28,0.15,0.26,27.1,31.8
2025-07-06 14:30:00,21.29,0.15,0.26,27.0,31.5
2025-07-06 14:45:00,20.94,0.14,0.26,26.9,30.3
2025-07-06 15:00:00,20.55,0.14,0.26,26.8,29.5
2025-07-06 15:15:00,20.62,0.14,0.26,26.5,29.1
2025-07-06 15:30:00,20.76,0.14,0.26,26.4,29.3
2025-07-06 15:45:00,20.88,0.14,0.26,26.4,29.3
2025-07-06 16:00:00,20.97,0.15,0.26,26.3,29.4
2025-07-06 16:15:00,21.17,0.15,0.26,26.4,30.1
2025-07-06 16:30:00,21.69,0.15,0.26,26.6,31.4
2025-07-06 16:45:00,22.40,0.14,0.26,26.9,33.2
2025-07-06 17:00:00,21.92,0.15,0.26,27.3,32.9
2025-07-06 17:15:00,21.42,0.14,0.26,27.2,31.6
2025-07-06 17:30:00,21.34,0.14,0.26,27.1,30.6
2025-07-06 17:45:00,21.16,0.14,0.26,27.0,29.9
2025-07-06 18:00:00,21.06,0.15,0.26,26.9,29.6
2025-07-06 18:15:00,21.19,0.14,0.26,26.8,29.3
2025-07-06 18:30:00,20.88,0.14,0.26,26.7,28.7
2025-07-06 18:45:00,21.12,0.14,0.26,26.4,28.5
2025-07-06 19:00:00,20.94,0.14,0.26,26.3,28.0
2025-07-06 19:15:00,20.76,0.14,0.26,26.1,27.4
2025-07-06 19:30:00,20.48,0.14,0.26,25.8,26.8
2025-07-06 19:45:00,20.26,0.14,0.26,25.7,26.3
2025-07-06 20:00:00,19.99,0.14,0.26,25.5,25.6
2025-07-06 20:15:00,19.71,0.14,0.26,25.2,25.1
2025-07-06 20:30:00,19.45,0.14,0.26,25.0,24.5
2025-07-06 20:45:00,19.24,0.14,0.26,24.7,24.2
2025-07-06 21:00:00,19.08,0.14,0.26,24.4,23.7
2025-07-06 21:15:00,18.90,0.14,0.25,24.2,23.4
2025-07-06 21:30:00,18.62,0.14,0.26,24.0,22.9
2025-07-06 21:45:00,18.26,0.14,0.26,23.8,22.5
2025-07-06 22:00:00,17.90,0.14,0.26,23.6,22.0
2025-07-06 22:15:00,17.15,0.14,0.26,23.3,21.4
2025-07-06 22:30:00,16.84,0.14,0.25,23.0,20.8
2025-07-06 22:45:00,16.49,0.14,0.25,22.7,20.4
2025-07-06 23:00:00,16.19,0.14,0.25,22.5,20.0
2025-07-06 23:15:00,15.20,0.14,0.26,22.2,19.6
2025-07-06 23:30:00,14.76,0.14,0.25,22.0,19.2
2025-07-06 23:45:00,14.16,0.14,0.26,21.8,19.0
2025-07-07 00:00:00,13.54,0.14,0.25,21.6,18.8
2025-07-07 00:15:00,13.08,0.14,0.25,21.4,18.5
2025-07-07 00:30:00,13.36,0.14,0.25,21.1,18.1
2025-07-07 00:45:00,13.64,0.13,0.25,20.9,17.8
2025-07-07 01:00:00,13.52,0.14,0.25,20.7,17.7
2025-07-07 01:15:00,13.05,0.14,0.25,20.5,17.4
2025-07-07 01:30:00,12.75,0.14,0.25,20.4,17.0
2025-07-07 01:45:00,12.36,0.14,0.25,20.2,16.9
2025-07-07 02:00:00,11.90,0.14,0.25,20.0,16.9
2025-07-07 02:15:00,11.93,0.14,0.25,19.9,17.0
2025-07-07 02:30:00,12.75,0.14,0.25,19.9,17.4
2025-07-07 02:45:00,12.86,0.14,0.25,19.9,17.6
2025-07-07 03:00:00,13.01,0.14,0.25,19.8,17.6
2025-07-07 03:15:00,13.06,0.13,0.25,19.8,17.6
2025-07-07 03:30:00,13.03,0.13,0.25,19.8,17.6
2025-07-07 03:45:00,13.13,0.13,0.25,19.7,17.6
2025-07-07 04:00:00,13.29,0.13,0.25,19.6,17.6
2025-07-07 04:15:00,13.43,0.13,0.25,19.6,17.6
2025-07-07 04:30:00,13.53,0.14,0.25,19.5,17.6
2025-07-07 04:45:00,13.57,0.13,0.25,19.5,17.6
2025-07-07 05:00:00,13.57,0.14,0.25,19.4,17.6
2025-07-07 05:15:00,13.62,0.14,0.25,19.4,17.5
2025-07-07 05:30:00,13.58,0.13,0.25,19.4,17.3
2025-07-07 05:45:00,13.42,0.13,0.25,19.3,17.3
2025-07-07 06:00:00,13.51,0.14,0.25,19.2,17.3
2025-07-07 06:15:00,13.66,0.14,0.25,19.2,17.3
2025-07-07 06:30:00,13.75,0.13,0.25,19.2,17.5
2025-07-07 06:45:00,13.78,0.14,0.25,19.2,17.5
2025-07-07 07:00:00,13.86,0.13,0.25,19.2,17.6
2025-07-07 07:15:00,14.09,0.13,0.25,19.2,17.9
2025-07-07 07:30:00,14.31,0.13,0.25,19.2,18.0
2025-07-07 07:45:00,14.56,0.13,0.25,19.3,18.1
2025-07-07 08:00:00,14.80,0.13,0.25,19.3,18.3
2025-07-07 08:15:00,14.90,0.14,0.25,19.4,18.3
2025-07-07 08:30:00,14.97,0.13,0.25,19.4,18.3
2025-07-07 08:45:00,15.30,0.13,0.25,19.4,18.7
2025-07-07 09:00:00,15.80,0.14,0.25,19.5,19.3
2025-07-07 09:15:00,15.93,0.14,0.25,19.7,19.3
2025-07-07 09:30:00,15.63,0.14,0.25,19.7,18.8
2025-07-07 09:45:00,15.23,0.14,0.25,19.6,18.3
2025-07-07 10:00:00,15.03,0.13,0.25,19.6,18.0
2025-07-07 10:15:00,14.63,0.13,0.25,19.5,17.6
2025-07-07 10:30:00,14.40,0.13,0.25,19.3,17.4
2025-07-07 10:45:00,14.32,0.14,0.25,19.1,17.5
2025-07-07 11:00:00,14.35,0.14,0.25,19.1,17.8
2025-07-07 11:15:00,14.70,0.14,0.25,19.1,18.1
2025-07-07 11:30:00,15.67,0.14,0.25,19.4,19.9
2025-07-07 11:45:00,16.41,0.14,0.25,19.9,20.8
2025-07-07 12:00:00,16.82,0.14,0.25,20.2,21.4
2025-07-07 12:15:00,16.95,0.14,0.25,20.5,21.4
2025-07-07 12:30:00,17.37,0.14,0.25,20.6,21.9
2025-07-07 12:45:00,17.60,0.14,0.25,20.8,22.1
2025-07-07 13:00:00,17.67,0.14,0.25,20.9,22.0
2025-07-07 13:15:00,17.89,0.14,0.25,21.0,21.9
2025-07-07 13:30:00,18.07,0.14,0.26,21.0,22.2
2025-07-07 13:45:00,18.33,0.14,0.26,21.2,22.6
2025-07-07 14:00:00,18.42,0.14,0.26,21.3,22.6
2025-07-07 14:15:00,18.16,0.14,0.25,21.2,22.1
2025-07-07 14:30:00,18.22,0.14,0.25,21.2,22.0
2025-07-07 14:45:00,18.36,0.14,0.25,21.2,22.0
2025-07-07 15:00:00,18.19,0.14,0.25,21.1,21.6
2025-07-07 15:15:00,18.43,0.14,0.26,21.1,21.9
2025-07-07 15:30:00,18.82,0.14,0.26,21.2,22.6
2025-07-07 15:45:00,19.26,0.14,0.25,21.5,24.0
2025-07-07 16:00:00,19.44,0.14,0.26,21.9,25.3
2025-07-07 16:15:00,18.95,0.14,0.26,22.2,24.8
2025-07-07 16:30:00,17.96,0.14,0.26,22.1,23.4
2025-07-07 16:45:00,17.55,0.14,0.26,21.8,22.5
2025-07-07 17:00:00,17.48,0.14,0.25,21.5,21.8
2025-07-07 17:15:00,17.39,0.14,0.25,21.2,21.4
2025-07-07 17:30:00,17.42,0.14,0.25,21.0,21.1
2025-07-07 17:45:00,17.16,0.14,0.26,20.8,20.7
2025-07-07 18:00:00,16.91,0.14,0.25,20.7,20.4
2025-07-07 18:15:00,16.92,0.14,0.26,20.5,20.2
2025-07-07 18:30:00,16.43,0.14,0.26,20.3,19.7
2025-07-07 18:45:00,15.96,0.14,0.25,20.0,19.3
2025-07-07 19:00:00,15.92,0.14,0.25,19.8,18.8
2025-07-07 19:15:00,15.61,0.14,0.26,19.7,18.6
2025-07-07 19:30:00,15.80,0.14,0.25,19.6,18.7
2025-07-07 19:45:00,15.97,0.14,0.25,19.6,18.8
2025-07-07 20:00:00,16.60,0.14,0.25,19.6,19.0
2025-07-07 20:15:00,16.45,0.14,0.25,19.4,18.6
2025-07-07 20:30:00,16.56,0.14,0.25,19.3,18.4
2025-07-07 20:45:00,16.59,0.14,0.25,19.3,18.1
2025-07-07 21:00:00,16.13,0.14,0.25,19.1,17.7
2025-07-07 21:15:00,15.70,0.14,0.25,18.9,17.3
2025-07-07 21:30:00,15.33,0.14,0.25,18.8,16.9
2025-07-07 21:45:00,14.83,0.14,0.25,18.6,16.7
2025-07-07 22:00:00,14.50,0.14,0.25,18.4,16.3
2025-07-07 22:15:00,14.25,0.14,0.25,18.2,16.1
2025-07-07 22:30:00,13.77,0.14,0.25,18.0,15.8
2025-07-07 22:45:00,12.81,0.14,0.25,17.8,15.5
2025-07-07 23:00:00,12.59,0.14,0.25,17.6,15.3
2025-07-07 23:15:00,12.06,0.14,0.25,17.5,15.0
2025-07-07 23:30:00,11.89,0.14,0.25,17.3,14.7
2025-07-07 23:45:00,11.79,0.14,0.25,17.1,14.6
2025-07-08 00:00:00,11.60,0.14,0.25,17.0,14.4
2025-07-08 00:15:00,11.33,0.14,0.25,16.8,14.2
2025-07-08 00:30:00,11.12,0.14,0.25,16.7,14.0
2025-07-08 00:45:00,11.08,0.14,0.25,16.5,13.8
2025-07-08 01:00:00,10.97,0.14,0.25,16.4,13.7
2025-07-08 01:15:00,10.87,0.14,0.25,16.3,13.5
2025-07-08 01:30:00,10.54,0.14,0.25,16.1,13.4
2025-07-08 01:45:00,10.72,0.14,0.25,15.9,13.3
2025-07-08 02:00:00,10.75,0.14,0.25,15.9,13.1
2025-07-08 02:15:00,10.68,0.14,0.25,15.8,12.9
2025-07-08 02:30:00,10.28,0.14,0.25,15.6,12.8
2025-07-08 02:45:00,9.94,0.14,0.25,15.4,12.7
2025-07-08 03:00:00,10.01,0.14,0.25,15.4,12.6
2025-07-08 03:15:00,10.03,0.14,0.25,15.3,12.4
2025-07-08 03:30:00,10.08,0.14,0.25,15.1,12.4
2025-07-08 03:45:00,10.32,0.14,0.25,15.1,12.3
2025-07-08 04:00:00,10.32,0.14,0.25,15.0,12.2
2025-07-08 04:15:00,10.65,0.14,0.25,14.9,12.3
2025-07-08 04:30:00,10.89,0.14,0.25,14.8,12.2
2025-07-08 04:45:00,11.06,0.14,0.25,14.8,12.3
2025-07-08 05:00:00,10.86,0.14,0.25,14.7,12.2
2025-07-08 05:15:00,10.78,0.14,0.25,14.7,12.0
2025-07-08 05:30:00,11.05,0.14,0.25,14.6,12.0
2025-07-08 05:45:00,11.12,0.14,0.25,14.5,12.1
2025-07-08 06:00:00,10.74,0.14,0.25,14.5,12.1
2025-07-08 06:15:00,10.82,0.14,0.25,14.5,12.0
2025-07-08 06:30:00,11.08,0.14,0.25,14.5,12.1
2025-07-08 06:45:00,11.15,0.14,0.25,14.5,12.2
2025-07-08 07:00:00,11.73,0.14,0.25,14.5,12.6
2025-07-08 07:15:00,12.39,0.14,0.25,14.6,12.9
2025-07-08 07:30:00,13.02,0.14,0.25,14.8,13.3
2025-07-08 07:45:00,13.64,0.14,0.25,14.9,13.8
2025-07-08 08:00:00,14.04,0.14,0.25,15.2,14.5
2025-07-08 08:15:00,14.61,0.14,0.25,15.4,15.0
2025-07-08 08:30:00,15.16,0.14,0.25,15.6,15.8
2025-07-08 08:45:00,15.81,0.14,0.25,15.8,16.6
2025-07-08 09:00:00,16.51,0.14,0.25,16.2,17.5
2025-07-08 09:15:00,17.15,0.14,0.25,16.5,18.3
2025-07-08 09:30:00,17.72,0.15,0.25,17.0,19.0
2025-07-08 09:45:00,18.36,0.15,0.25,17.4,20.1
2025-07-08 10:00:00,18.91,0.15,0.25,17.9,20.9
2025-07-08 10:15:00,19.49,0.15,0.25,18.3,21.7
2025-07-08 10:30:00,19.80,0.15,0.25,18.9,22.4
2025-07-08 10:45:00,20.50,0.15,0.26,19.3,23.4
2025-07-08 11:00:00,21.01,0.15,0.25,20.0,24.6
2025-07-08 11:15:00,21.42,0.15,0.26,20.7,25.4
2025-07-08 11:30:00,21.86,0.15,0.26,21.1,26.1
2025-07-08 11:45:00,22.23,0.15,0.26,21.5,26.9
2025-07-08 12:00:00,22.65,0.15,0.26,22.1,27.7
2025-07-08 12:15:00,22.79,0.16,0.26,22.6,28.2
2025-07-08 12:30:00,23.04,0.15,0.26,23.2,29.1
2025-07-08 12:45:00,23.33,0.15,0.26,23.6,29.8
2025-07-08 13:00:00,23.40,0.15,0.26,24.1,30.3
2025-07-08 13:15:00,23.68,0.15,0.26,24.4,31.3
2025-07-08 13:30:00,23.33,0.15,0.26,24.7,30.7
2025-07-08 13:45:00,23.84,0.15,0.26,25.1,31.8
2025-07-08 14:00:00,23.88,0.15,0.26,25.6,32.5
2025-07-08 14:15:00,24.12,0.16,0.27,25.9,33.0
2025-07-08 14:30:00,24.30,0.16,0.26,26.4,33.5
2025-07-08 14:45:00,24.45,0.16,0.26,26.9,33.8
2025-07-08 15:00:00,24.64,0.16,0.26,27.0,34.4
2025-07-08 15:15:00,24.82,0.16,0.26,27.5,34.8
2025-07-08 15:30:00,24.91,0.16,0.27,27.7,35.0
2025-07-08 15:45:00,25.10,0.16,0.26,27.7,35.2
2025-07-08 16:00:00,25.13,0.16,0.27,27.9,35.2
2025-07-08 16:15:00,25.59,0.16,0.26,27.8,35.5
2025-07-08 16:30:00,26.26,0.16,0.26,27.9,35.7
2025-07-08 16:45:00,25.87,0.16,0.27,27.8,35.5
2025-07-08 17:00:00,25.53,0.16,0.26,27.9,35.1
